Activity.ID,Activity.Date,Activity.Name,Activity.Type,Activity.Description,Elapsed.Time.s,Distance.km,Relative. Effort,Commute,Activity.Gear,Filename,Month,Year,Day,start.time
2077348369,"Jan 12, 2019, 6:34:23 PM",Lunch Run,Run,Running basically in a blizzardddd is the best run ,8267,22.94,210,FALSE,,activities/2219521853.fit.gz,1,2019,12, 6:34:23 PM
2077348372,"Jan 13, 2019, 5:13:10 PM",Lunch Run,Run,"Ran with Quin for the first 6, rounded out 4 more after! What a fun run ",5771,16.51,96,FALSE,,activities/2219521828.fit.gz,1,2019,13, 5:13:10 PM
2077348616,"Jan 8, 2019, 2:34:04 PM",Morning Run,Run,First run after a nasty chest cold! Feels good to be back :) ,1559,4.83,36,FALSE,,activities/2219521813.fit.gz,1,2019,8, 2:34:04 PM
2077348656,"Jan 10, 2019, 9:26:30 PM",Afternoon Run,Run,,2609,8.33,62,FALSE,,activities/2219521817.fit.gz,1,2019,10, 9:26:30 PM
2077348707,"Jan 3, 2019, 4:58:13 PM",Morning Run,Run,,3358,11.29,102,FALSE,,activities/2219521818.fit.gz,1,2019,3, 4:58:13 PM
2077348749,"Jan 5, 2019, 9:56:48 PM",Afternoon Run,Run,,2172,6.45,58,FALSE,,activities/2219521825.fit.gz,1,2019,5, 9:56:48 PM
2077348762,"Jan 4, 2019, 8:20:33 PM",Afternoon Run,Run,,2516,8.14,37,FALSE,,activities/2219521835.fit.gz,1,2019,4, 8:20:33 PM
2077348774,"Jan 11, 2019, 4:33:44 PM",Morning Run,Run,,2060,6.46,50,FALSE,,activities/2219521839.fit.gz,1,2019,11, 4:33:44 PM
2077348804,"Jan 1, 2019, 10:34:31 PM",Afternoon Run,Run,,2014,6.49,22,FALSE,,activities/2219521841.fit.gz,1,2019,1,10:34:31 PM
2077348814,"Jan 2, 2019, 8:31:15 PM",Afternoon Run,Run,,3093,9.67,98,FALSE,,activities/2219521842.fit.gz,1,2019,2, 8:31:15 PM
2077348899,"Jan 9, 2019, 4:26:26 PM",Morning Run,Run,,3016,9.67,48,FALSE,,activities/2219521859.fit.gz,1,2019,9, 4:26:26 PM
2083461484,"Jan 14, 2019, 11:30:49 PM",Afternoon Run,Run,Needed a lil shake out - my leggies hurt today ,1778,4.9,7,FALSE,,activities/2225829202.fit.gz,1,2019,14,11:30:49 PM
2083463410,"Jan 15, 2019, 1:15:55 PM",Morning Run,Run,Quinton wanted to do hills today and I couldnâ€™t say no - it was sooooo icy!! Paced myself to keep the legs okay and so I wouldnâ€™t slip and fall and die ,3179,8.15,55,FALSE,,activities/2225831184.fit.gz,1,2019,15, 1:15:55 PM
2083465635,"Jan 16, 2019, 12:58:42 PM",Morning Run,Run,A chilly morning easy run with Rose! ,3644,9.76,92,FALSE,,activities/2225833479.fit.gz,1,2019,16,12:58:42 PM
2085914618,"Jan 17, 2019, 12:50:00 PM",Morning Run,Run,"1st track workout in over a year?? Ouch

2 mile WU
4x1200 @ 10k pace (ended up at ~6:30 pace)
4x400 @ 5k pace (ended up at ~6:05 pace)
1 mile CD

Ended up WAY faster than planned paces but stayed super consistent! Can't complain ",3191,11.26,,FALSE,,,1,2019,17,12:50:00 PM
2087787033,"Jan 18, 2019, 10:13:19 PM",Snowstorm Run,Run,"Naturally had to wait until the snowstorm started to start running ğŸ¤·ğŸ»â€â™€ï¸

A snowy run with the boys at club time! ",2822,8.85,32,FALSE,,activities/2230290676.fit.gz,1,2019,18,10:13:19 PM
2090163829,"Jan 19, 2019, 7:38:40 PM",Long run turned short-ish,Run,"Ouch. Todayâ€™s run hurt. Iâ€™m sure the -10 degree windchill didnâ€™t help... 

Decided to cut my long run short this week and finish out with 20 mins on the stairclimber at the gym. Always a hard choice for me to make - but Iâ€™m getting better at listening to my body ğŸ˜š

Tomorrow is finally a rest day - I couldnâ€™t be more in need of one! Hopefully the legs will start feeling better next week. ",6229,16.43,170,FALSE,,activities/2232763034.fit.gz,1,2019,19, 7:38:40 PM
2096159289,"Jan 22, 2019, 1:40:01 PM",Icy Morning Run,Run,,2175,6.74,7,FALSE,,activities/2238964216.fit.gz,1,2019,22, 1:40:01 PM
2096163338,"Jan 22, 2019, 12:05:00 AM",Dreadmill Miles,Run,,1935,6.43,,FALSE,,,1,2019,22,12:05:00 AM
2099199929,"Jan 23, 2019, 10:20:02 PM",Afternoon Run,Run,Ran first 4 miles with the boys at club time (and died) ,2899,9.68,71,FALSE,,activities/2242047260.fit.gz,1,2019,23,10:20:02 PM
2100203793,"Jan 24, 2019, 1:26:09 PM",Track Miles,Run,Didnâ€™t feel like battling the wind this morning so.. 1 mile to Lied + 3 miles on the track + 1 mile home ,2407,8.2,,FALSE,,,1,2019,24, 1:26:09 PM
2103358098,"Jan 25, 2019, 1:00:00 PM",Dreadmill and track miles ,Run,A little morning indoor run and a visit to the athletic trainers... â€œlisten to your bodyâ€ has been todayâ€™s mantra ,2008,6.43,,FALSE,,,1,2019,25, 1:00:00 PM
2105432282,"Jan 26, 2019, 6:55:17 PM",Lunch Run,Run,"FINALLY feeling good again for a long run!!! Itâ€™s been way. too. long. since Iâ€™ve felt this good on a run. 

Ran the first 6 with Quin, then trekked along 12 miles in some snow. It finally wasnâ€™t in the negatives with windchill for once, which definitely helped. 

Calories went in so easy today too- nailed nutrition, nailed some miles! Happy!! ",10795,28.97,237,FALSE,,activities/2248435510.fit.gz,1,2019,26, 6:55:17 PM
2110162510,"Jan 28, 2019, 1:00:00 PM",Track Workout,Run,"A fun workout this morning ğŸ˜… 

2 mile WU
6x1200m @10k pace w/ 2:30 rest
1 mile CD

Happy with todayâ€™s workout! Stayed super consistent on interval times (~4:45) and still finished despite really wanting to end at rep 4 hehe - excited for increasing mileage this week ",3136,11.26,,FALSE,,,1,2019,28, 1:00:00 PM
2111572507,"Jan 29, 2019, 5:49:49 PM",Indoor Track Miles ,Run,,2542,8.2,,FALSE,,,1,2019,29, 5:49:49 PM
2116431073,"Jan 30, 2019, 7:15:00 PM",Treadmill miles ,Run,,2884,9.65,,FALSE,,,1,2019,30, 7:15:00 PM
2116431641,"Feb 1, 2019, 12:48:55 AM",(Hopefully) the last indoor run for a while!! ,Run,Too excited for warmer weather this weekend ğŸ˜­ ,2406,8.04,,FALSE,,,2,2019,1,12:48:55 AM
2118146632,"Feb 1, 2019, 3:27:31 PM",Morning Run,Run,"A little crunched for time today, but it feels soooo good to be outside!! Finally warm out again ğŸŒ",2462,8.05,22,FALSE,,activities/2261627531.fit.gz,2,2019,1, 3:27:31 PM
2119342737,"Feb 2, 2019, 2:10:04 PM",Thank you Clinton for not plowing any snow,Run,"Little adjustment in run plans this weekend because only ~20% of the sidewalks were shoveled and the snow was up to my thighs. ğŸ˜‚ Cars didnâ€™t seem to enjoy me running on the slushy roads either - running in deep snow made the effort really tough 

Going to attempt another 60 mins of running tomorrow when I get back to Ames instead of a planned rest day! My legs are itching for more miles ",4275,13,43,FALSE,,activities/2262865052.fit.gz,2,2019,2, 2:10:04 PM
2122057031,"Feb 3, 2019, 2:47:00 PM",Decided to give Clinton running another chance,Run,"and was still not impressed 

Kinda figured if I didn't get my run done this morning I wouldn't want to later when I get back to Ames anyways. My watch died around halfway so I paced off of clocks I saw downtown lol

Roads were super wet and it was fun splashing in the puddles!!  a little short for miles this week but my legs are dead from all the slowing down and speeding up on the snowy sidewalks and roads - feels like trail running all over again :) ",4860,16.09,,FALSE,,,2,2019,3, 2:47:00 PM
2123807518,"Feb 4, 2019, 1:37:39 PM",Oakland hells + some miles,Run,"2 miles, 4xOakland hills (up and downhill), then 4 or so miles 

Been a little too long since Iâ€™ve done hills so I didnâ€™t want to completely destroy my legs - stayed consistent with times despite a tiny bit of ice (and one fall on that tiny bit of ice, oops) 

My weightlifting TA has me working on running form in class which is pretty cool but Iâ€™m dead ğŸ˜µ",4107,12.32,81,FALSE,,activities/2267544270.fit.gz,2,2019,4, 1:37:39 PM
2123807791,"Feb 4, 2019, 3:51:00 PM",Morning Run,Run,,791,2.31,11,FALSE,,activities/2267544614.fit.gz,2,2019,4, 3:51:00 PM
2126002372,"Feb 5, 2019, 1:01:34 PM",Coldddd Morning Run,Run,A freezing easy run this morning with Rose! Legs are sore today but luckily it was so cold I couldnâ€™t feel em hehe ,3293,8.55,56,FALSE,,activities/2269795899.fit.gz,2,2019,5, 1:01:34 PM
2128311428,"Feb 6, 2019, 2:05:02 PM",Morning Run,Run,"Nice easy run today and feeling good! 
Noticed some birds of prey circling up above me this AM - they must sense a fresh meal (my dying legs) ğŸ¦… ",3085,9.98,11,FALSE,,activities/2272171414.fit.gz,2,2019,6, 2:05:02 PM
2128311689,"Feb 6, 2019, 3:53:46 PM",Morning Run Home,Run,,512,1.6,1,FALSE,,activities/2272171698.fit.gz,2,2019,6, 3:53:46 PM
2132522554,"Feb 8, 2019, 4:12:18 PM",Dreadmill miles,Run,,2411,8.04,,FALSE,,,2,2019,8, 4:12:18 PM
2135574821,"Feb 9, 2019, 6:32:48 PM","Sweet potatoes, smiles and miles",Run,"Man it was cold today!! a little stomach cramping at the beginning of my run (too much pre-run coffee lol) but thankfully I had a second wind hit and felt great!! 

Calories went in super easy today!! Wooo, I love sweet potatoesğŸ  

10 easy miles with Quin, 2 more easy miles, then tried to keep the last 6 miles under 8 min pace. Ice and wind is always a struggle",10001,29.03,233,FALSE,,activities/2279637187.fit.gz,2,2019,9, 6:32:48 PM
2138139169,"Feb 10, 2019, 11:45:54 PM",Treadmill Miles,Run,,1986,6.43,,FALSE,,,2,2019,10,11:45:54 PM
2139896708,"Feb 11, 2019, 3:53:02 PM",Morning Run,Run,,783,2.44,15,FALSE,,activities/2284126922.fit.gz,2,2019,11, 3:53:02 PM
2139910977,"Feb 11, 2019, 1:30:00 PM",Track Workout,Run,"Back on the track! 

1.25 mile warm up
4x1200 w/ 2min rest
4x400 w/ 1min rest
1.25 mile cool down

A LOT speedier than anticipated today (oops), but I felt good and was really consistent! 
1200's were all around 4:45 (should have been around 5mins) and 400's were all around 1:25 (should have been around 1:36). Definitely should have slowed things down but I just felt gooooood",2720,10.46,,FALSE,,,2,2019,11, 1:30:00 PM
2141904788,"Feb 12, 2019, 6:52:00 PM",Treadmill Miles,Run,Probably could have stopped being a baby and just run outside but I am sick of this snow and wind ğŸ˜ also had a documentary to finish hehe,2920,9.65,,FALSE,,,2,2019,12, 6:52:00 PM
2143827818,"Feb 13, 2019, 3:52:10 PM",Morning Run,Run,,635,2.14,5,FALSE,,activities/2288164141.fit.gz,2,2019,13, 3:52:10 PM
2143893961,"Feb 13, 2019, 1:46:56 PM",keeping it chill (literally)ğŸ§â„ï¸,Run,had to run an extra 0.01 so I wouldnâ€™t end on a bad note today ğŸ‘¹ ,3593,10.73,47,FALSE,,activities/2288231557.tcx.gz,2,2019,13, 1:46:56 PM
2149704895,"Feb 14, 2019, 10:13:09 PM",Windy Run,Run,"Warmup loop with the boys, then met up with Rose for 4 more miles! ",3075,8.31,35,FALSE,,activities/2291151384.fit.gz,2,2019,14,10:13:09 PM
2150891334,"Feb 15, 2019, 2:25:00 PM",treadmill run again ğŸ¤·ğŸ»â€â™€ï¸,Run,"I was really looking forward to a speedier run outside today until I saw the real feel was -20 ğŸ™ƒ normally I would brave that buttttt here I am 

First mile was a nice little warmup and then kept it ~ a comfy race pace for the rest of the run! ",3223,11.26,,FALSE,,,2,2019,15, 2:25:00 PM
2156785382,"Feb 17, 2019, 7:32:00 PM",The Office episode where Michael runs a 5k,Run,"Is how I felt on todayâ€™s run (minus the throwing up, but we were close). ğŸ¤¢ Soooo nauseous on todayâ€™s run - ended up throwing pace out the window and just made a goal of getting to 16 miles

On the bright side, hit 50 miles for the week +1 rest day!!! I think that might be my first 50 mile weekğŸ¤©ğŸ¥³",9654,25.77,202,FALSE,,activities/2299122438.fit.gz,2,2019,17, 7:32:00 PM
2158392476,"Feb 18, 2019, 2:15:52 PM",snow trekking,Run,appreciated the snow a bit more today than usual with a fun short easy run ğŸ˜š,2158,6.48,40,FALSE,,activities/2301150725.fit.gz,2,2019,18, 2:15:52 PM
2158392931,"Feb 18, 2019, 3:51:04 PM",Morning Run,Run,,542,1.71,9,FALSE,,activities/2301151259.fit.gz,2,2019,18, 3:51:04 PM
2160190220,"Feb 19, 2019, 1:06:37 PM",freezing my booty off ,Run,"Nearly froze to death on my run today but still had a smoothie for breakfast.... you know how it is

First 3 miles with Quin, then a partially-terrible/freezing 4 miles because my neck warmer froze solid ",3493,11.27,84,FALSE,,activities/2303059982.fit.gz,2,2019,19, 1:06:37 PM
2163600527,"Feb 20, 2019, 3:51:33 PM",Morning Run,Run,,536,1.7,8,FALSE,,activities/2306585158.fit.gz,2,2019,20, 3:51:33 PM
2163622686,"Feb 20, 2019, 1:40:00 PM",leggies feel like spaghettis ,Run,"~1.5 mile warm up
6x800m w/ 400m jog
~2.5 mile cool down

legs turned to jello really quick today, not used to running 800s!!

800s were consistent, ~3:07ish. Happy with that!! Pretty sure that was my high school freshman year PR in the 800 ğŸ˜‚ğŸ˜‚",3678,13.68,,FALSE,,,2,2019,20, 1:40:00 PM
2164838306,"Feb 21, 2019, 1:03:08 PM",EZ icy miles,Run,"Easy run today with Rose!

Excited for some medium-long runs this weekend ğŸŒ ",3277,8.96,104,FALSE,,activities/2307858961.fit.gz,2,2019,21, 1:03:08 PM
2167195021,"Feb 22, 2019, 2:09:48 PM",yay for clear sidewalks ğŸ¥³,Run,"Legs were tired this morning when I woke up, but my legs and lungs felt strong during my run!!

Todayâ€™s workout was 10 miles at goal race pace (~7:30), starting slower and ending faster, and then a 2 mile cool down.

Accidentally sped things up too much at mile 2 and then throughout the rest of the run, but no complaints here - I felt so good! I think it helped to be running on sidewalks that were actually free of ice/snow!!! (FYI Ada Hayden is wonderful right now) ",5687,19.35,162,FALSE,,activities/2310281355.fit.gz,2,2019,22, 2:09:48 PM
2169778928,"Feb 23, 2019, 2:45:14 PM",Morning Run,Run,,5771,17.88,157,FALSE,,activities/2312945541.fit.gz,2,2019,23, 2:45:14 PM
2170280095,"Feb 23, 2019, 6:25:00 PM",XC skiinnnn ğŸ¿,Nordic Ski,,7200,0,,FALSE,,,2,2019,23, 6:25:00 PM
2174969474,"Feb 25, 2019, 2:07:50 PM",Morning Run,Run,,2602,8.2,39,FALSE,,activities/2318322001.fit.gz,2,2019,25, 2:07:50 PM
2174969983,"Feb 25, 2019, 3:51:25 PM",Morning Run,Run,,654,1.66,8,FALSE,,activities/2318322512.fit.gz,2,2019,25, 3:51:25 PM
2176948251,"Feb 26, 2019, 12:55:58 PM",Morning Indoor Run,Run,Go away ice ğŸ™ˆ,3093,9.97,,FALSE,,,2,2019,26,12:55:58 PM
2179819623,"Feb 27, 2019, 2:04:43 PM",Sleepy Morning Run,Run,"I was supposed to do mile repeats this morning, but I slept so horribly last night and I didnâ€™t want to stress my body out even more ğŸ˜´ 

Looking ahead to this weekendâ€™s long run now! ",3283,9.84,49,FALSE,,activities/2323287693.fit.gz,2,2019,27, 2:04:43 PM
2179820138,"Feb 27, 2019, 3:51:49 PM",Morning Run,Run,,579,1.73,2,FALSE,,activities/2323288303.fit.gz,2,2019,27, 3:51:49 PM
2182729716,"Feb 28, 2019, 10:17:36 PM",Slippin and slidin,Run,"icy run with the boys at club time today!

ready for spring!!!!!",3591,11.58,92,FALSE,,activities/2326263631.fit.gz,2,2019,28,10:17:36 PM
2183736249,"Mar 1, 2019, 1:15:26 PM",Morning Run,Run,Kept it short today in attempt to be mentally prepared for tomorrowâ€™s long run ğŸ˜¬ running on ice has been draining ,2260,6.65,51,FALSE,,activities/2327291582.fit.gz,3,2019,1, 1:15:26 PM
2186839262,"Mar 2, 2019, 5:09:40 PM",Hawaiian Roller Coaster Rideâ„ï¸,Run,"Miles went by pretty quick today! 

13 easy with Quin and John. Tried to speed up the last 7 by myself!! (Blaming the slower couple on ice ğŸ¤·ğŸ»â€â™€ï¸) 

Jessica thoughts during todayâ€™s run:
1) 80%: singing Hawaiian Roller Coaster Ride
2) 5%: making fun of the guys for â€œadjustingâ€ themselves
3) 15%: mantra: â€œsmiles and milesâ€ ",10809,32.58,221,FALSE,,activities/2330486755.fit.gz,3,2019,2, 5:09:40 PM
2191525467,"Mar 4, 2019, 1:30:00 PM",My watch has officially pooped out on me after this run,Run,So I guess it's back to the old Timex watch and manual entries until I can get a replacement ,2904,9.7,,FALSE,,,3,2019,4, 1:30:00 PM
2191528219,"Mar 4, 2019, 3:50:00 PM",mile run home from class,Run,,488,1.61,,FALSE,,,3,2019,4, 3:50:00 PM
2194181843,"Mar 5, 2019, 6:45:00 PM",Catchin some rays sans watch,Run,Completely guessing on total run time because I'm running without a watch/timer - feels good to run on my own though!!! ,4020,12.87,,FALSE,,,3,2019,5, 6:45:00 PM
2196179709,"Mar 6, 2019, 10:15:00 PM",Club time fun time ,Run,"A run with the boys today at club time!!!! Completely guessing on total time again... honestly felt like I was running 7min/mile pace(ouch) at some points but I'm guessing that I'm just tired and that we were actually running around 7:30-7:45 pace hahağŸ™ƒ

Took my first big fall of the winter and my leggings are all bloody but whateverrrrr ",3480,12.07,,FALSE,,,3,2019,6,10:15:00 PM
2198129409,"Mar 7, 2019, 10:15:00 PM",Officially more scared of ice than people,Run,"was going to take a rest day today because my leg was pretty sore from yesterday's fall, but somehow ended up at club time because the snow looked pretty!! 

a nice run with the guys at club time today, glad they kept it slow on the ice because I am abnormally scared of running on ice at the moment ",2400,8.04,,FALSE,,,3,2019,7,10:15:00 PM
2199361376,"Mar 8, 2019, 2:50:00 PM",Shakeout Run,Run,Excited to race tomorrow!! ,2160,7.24,,FALSE,,,3,2019,8, 2:50:00 PM
2202875192,"Mar 9, 2019, 1:30:23 PM",The most mentally draining races ever - Part 1,Run,"Part 1 of the Pi Day River Rotation - 5k Version

Todayâ€™s race was supposed to be on the trails, but it got moved to the gravel roads because of all the rain!

Was expecting todayâ€™s races to be fast and flat, but WOW the mud was ROUGH and it was a mentally draining run!!! So fun though!!!! 1st place in the womenâ€™s 5k ",1326,4.99,,FALSE,,,3,2019,9, 1:30:23 PM
2202877610,"Mar 9, 2019, 3:00:33 PM",The most mentally draining races ever - Part 2,Run,"Pi Day River Rotation - Half Marathon Version

3rd place woman overall in the half - and 1st place combined for the 5k+half marathon!!! 

Mud up to my ankles, absolutely coated in mud, but the post race beer and pie made it all worth it!!! 

Super happy with my time considering the course conditions and how boring the course was ğŸ˜‚",5949,21.08,,FALSE,,,3,2019,9, 3:00:33 PM
2206329455,"Mar 11, 2019, 2:00:00 PM","A cancelled 9am = a warm, late morning run",Run,"Loving the temp, just waiting on the rest of the ice to melt! ",2880,9.65,,FALSE,,,3,2019,11, 2:00:00 PM
2208313317,"Mar 12, 2019, 12:00:52 PM",I now have 2 bruised hips ğŸ˜‘,Run,"Super fun run this morning - was planning on hills but Oakland and NoDak both had quite a bit of ice. Decided hills were a no-go, but I then proceeded to slip and fall on that ice and bruise my hip (again, just the other side this time) ğŸ¤•

Going to get some miles in tonight after Pilates instead! Also think my new running watch may be coming soon ğŸ˜ ",1920,6.43,,FALSE,,,3,2019,12,12:00:52 PM
2209568134,"Mar 12, 2019, 10:30:00 PM",Deadmill miles,Run,"Ew. Decided to stick it on the treadmill tonight because my hip was bugging me from my fall this morning. Just felt all around pretty awful and the effort felt way harder than it usually does. Cut the run short (again) ğŸ¥µ

Guess I didnâ€™t let myself recover enough from this weekendâ€™s races. It looks like my eyes will be on recovery over the next few days now! ",1440,4.82,,FALSE,,,3,2019,12,10:30:00 PM
2211694741,"Mar 13, 2019, 9:17:20 PM",All hail the GPS watch,Run,"Postponed my morning run today because I knew my watch was being delivered this afternoon ğŸ˜‚ feeling so high tech!! 

First 4 miles at club time with Holly!! Quick stop at 4 so I could drop off my rainjacket at my apartment 

Feeling better today but not 100%. Legs feel abnormally fatigued and I think I may be getting a head cold ğŸ¤• hopefully will feel better for another race this weekend! ",4139,12.89,100,FALSE,,activities/2356048153.fit.gz,3,2019,13, 9:17:20 PM
2213798820,"Mar 14, 2019, 9:17:23 PM",Sweating out the sick,Run,"Turns out I do have a pretty bad head/chest cold ğŸ¥µ but all the tea Iâ€™ve consumed today gave me plenty of energy for a nice easy run. 

I actually felt decent on this run for how yuck Iâ€™ve felt all day - legs still feel a little fatigued though ",3399,11.27,99,FALSE,,activities/2358201080.fit.gz,3,2019,14, 9:17:23 PM
2217654441,"Mar 16, 2019, 1:30:19 PM",St. Paddyâ€™s Day Half Marathon - 1st Female,Run,"Big olâ€™ PR in the half today and 1st place overall for women!! Was a little worried because Iâ€™ve been sick the past few days, so the goal was to listen to my body, but it turns out I was feeling pretty good!! 

Course was a tad short but still would have been a PR from my previous best half time (1:31) 

Just 4 short weeks till Boston! Feeling much more ready for it after this race ğŸ¥³ ",5238,20.88,158,FALSE,,activities/2362180676.fit.gz,3,2019,16, 1:30:19 PM
2223507796,"Mar 18, 2019, 11:35:59 PM",Post 12-hour car ride shake out,Run,Phew! Wanted to run more but was too hungry  ,1895,5.35,12,FALSE,,activities/2368258675.fit.gz,3,2019,18,11:35:59 PM
2227229941,"Mar 20, 2019, 3:10:52 PM","Run up to a mini-mountain, hike up it, then run home",Run,"Running at elevation is no joke ğŸ˜¦

Wishing we would have went a little higher to round out to 1000ft of elevation gain, maybe tomorrow though ğŸ¤—",4686,9.67,90,FALSE,,activities/2372091098.fit.gz,3,2019,20, 3:10:52 PM
2229820735,"Mar 21, 2019, 1:26:15 PM",Quick Morning Run,Run,"Dying for the first 2 miles going uphill but then flying down back home ğŸ¤—

Would love to train here longer!! Mileage has been really low this week but I guess hiking has been making up for it ",2162,6.5,25,FALSE,,activities/2374753133.fit.gz,3,2019,21, 1:26:15 PM
2229821282,"Mar 21, 2019, 4:52:39 PM",Manitou Incline ,Run,Lol yep brb dying ğŸ¤£,2745,1.35,9,FALSE,,activities/2374753685.fit.gz,3,2019,21, 4:52:39 PM
2235398669,"Mar 23, 2019, 9:28:25 PM",Getting back into things,Run,"Pushed my long run to tomorrow. Feeling gross after being in a car so much this week and the all-day car ride yesterday. Finally just got my butt out the door and was actually feeling better!!

Missing the Colorado hiking/running but excited to be getting back into a set schedule. Mileage has been pretty low this week and last week but the legs were still tired after being sick and all the hiking in CO!! Feeling refreshed now!! ",3487,11.73,89,FALSE,,activities/2380545495.fit.gz,3,2019,23, 9:28:25 PM
2238357968,"Mar 24, 2019, 4:47:55 PM",time for a nap??,Run,"Thought of the run: â€œdo I have to pee? and if so, is it worth going into the Ada Hayden porta potty?â€ 
I decided no

Last long long run before race day ğŸ¥³ 10 miles easy, 10 miles at race pace, 2 miles easy",11076,35.44,366,FALSE,,activities/2383651952.fit.gz,3,2019,24, 4:47:55 PM
2239856272,"Mar 25, 2019, 1:01:38 PM",Tired legs,Run,,2510,8.08,63,FALSE,,activities/2385229061.fit.gz,3,2019,25, 1:01:38 PM
2239856577,"Mar 25, 2019, 2:47:50 PM",Morning Run,Run,,550,1.7,7,FALSE,,activities/2385229346.fit.gz,3,2019,25, 2:47:50 PM
2243178161,"Mar 26, 2019, 9:14:59 PM",Lots of loops around everywhere ,Run,"Started out at club time with the girls and then looped around the XC course for a bit ğŸ˜‹

Feeling really good today thanks to this beautiful weather!! ",4577,12.98,177,FALSE,,activities/2388648952.fit.gz,3,2019,26, 9:14:59 PM
2244570623,"Mar 27, 2019, 12:42:05 PM",Hill loops on the course,Run,"~15 min warm up, 8xhill loop on the XC course with jog recovery between bridges, and ~2 mile cool down

Fun and muddy run!! Feeling strong on the downhills and dreaming about coffee almost the whole run ",4346,12.92,125,FALSE,,activities/2390085723.fit.gz,3,2019,27,12:42:05 PM
2244570777,"Mar 27, 2019, 2:48:22 PM",Morning Run,Run,,562,1.65,9,FALSE,,activities/2390085935.fit.gz,3,2019,27, 2:48:22 PM
2246795834,"Mar 28, 2019, 12:11:59 PM",Keeping it â„ï¸,Run,,2092,6.54,45,FALSE,,activities/2392377748.fit.gz,3,2019,28,12:11:59 PM
2249551185,"Mar 29, 2019, 1:47:12 PM",Scraping knees on some trees,Run,Thought it was a good idea to jump Clear Creek because I assumed it would be low enough to scamper across - I was mistaken and had to climb some fallen trees to cross it instead ğŸ˜‚,7914,24.14,186,FALSE,,activities/2395217291.fit.gz,3,2019,29, 1:47:12 PM
2254754572,"Mar 31, 2019, 12:10:19 PM",Run with mom,Run,"Decided to give my legs a little break and ran with my mom this morning!!!

She said she was training me at my â€œultramarathon paceâ€ hahaha",3232,8.28,72,FALSE,,activities/2400697848.fit.gz,3,2019,31,12:10:19 PM
2258342561,"Apr 1, 2019, 9:20:42 PM",aaaand taper officially begins ğŸ¤¤,Run,Club time run w/ beautiful weather and beautiful friendsğŸ’•,3069,8.3,57,FALSE,,activities/2404441410.fit.gz,4,2019,1, 9:20:42 PM
2260330499,"Apr 2, 2019, 5:43:38 PM",Monkeying around on the XC course ,Run,Felt really bleh this morning. And this afternoon. And starting my run... but running on the course felt decent!! Just happy to be running anytime mud is involved ğŸ·,2459,8.08,79,FALSE,,activities/2406495162.fit.gz,4,2019,2, 5:43:38 PM
2262247687,"Apr 3, 2019, 12:56:50 PM",Intervals with an audience ğŸ‘¹,Run,"~1 mile warm up, 4x800(each getting faster) w/800 jog on the course, ~1.5 mile cool down 

Loving the long recovery time ğŸ˜‚ keeping things easy but still reminding the legs that they need to be fast

800 times:
3:31
3:23
3:16
3:07",3225,9.97,70,FALSE,,activities/2408476396.fit.gz,4,2019,3,12:56:50 PM
2262247786,"Apr 3, 2019, 2:51:37 PM",Morning Run,Run,,541,1.67,5,FALSE,,activities/2408476511.fit.gz,4,2019,3, 2:51:37 PM
2266831376,"Apr 5, 2019, 2:01:09 PM",Itchy legs ,Run,"Planned run: 1 mile warm up, 3 miles at marathon race pace, 1 mile cool down

Actual run: warm up too fast, mile #1 at a good race pace, miles #2 and #3 too fast, cool down way too freaking fast ğŸ˜…ğŸ˜‚ oops

Yesterdayâ€™s rest day was just what I needed! Legs are feeling good but not 100% yet, which is ok! ",2596,8.22,18,FALSE,,activities/2413197929.fit.gz,4,2019,5, 2:01:09 PM
2269588099,"Apr 6, 2019, 2:40:03 PM",90 minutes of sun ğŸŒ,Run,"A fun run with Sofia!! Boston, we are ready for ya ğŸ˜",5623,18.61,192,FALSE,,activities/2416062658.fit.gz,4,2019,6, 2:40:03 PM
2274588389,"Apr 8, 2019, 1:25:26 PM",ğŸƒğŸ»â€â™€ï¸ out of captions,Run,Tapering has me boredddd,2170,6.63,43,FALSE,,activities/2421344859.fit.gz,4,2019,8, 1:25:26 PM
2274861265,"Apr 8, 2019, 2:50:54 PM",Morning Run,Run,,570,1.72,2,FALSE,,activities/2421629369.fit.gz,4,2019,8, 2:50:54 PM
2278282161,"Apr 9, 2019, 9:16:39 PM",Running away from the stress ğŸ™ˆ,Run,When the week before a race is supposed to be the most chill but it turns out to be the most stressful ğŸ¤¦ğŸ»â€â™€ï¸ I love school ,2908,8.07,66,FALSE,,activities/2425170620.fit.gz,4,2019,9, 9:16:39 PM
2279468185,"Apr 10, 2019, 1:26:05 PM",My legs wanna move faster but my mind is happy not to ğŸ˜´,Run,,1826,5.43,38,FALSE,,activities/2426403079.fit.gz,4,2019,10, 1:26:05 PM
2279661070,"Apr 10, 2019, 2:48:13 PM",Morning Run,Run,,544,1.74,5,FALSE,,activities/2426604132.fit.gz,4,2019,10, 2:48:13 PM
2282802363,"Apr 11, 2019, 7:26:52 PM",Only goal rn - make it to the start line healthy and sane ğŸ˜‚,Run,,1810,4.86,23,FALSE,,activities/2429812129.fit.gz,4,2019,11, 7:26:52 PM
2290240200,"Apr 14, 2019, 1:38:01 PM",Hello Boston!!!,Run,,1222,3.11,16,FALSE,,activities/2437609078.fit.gz,4,2019,14, 1:38:01 PM
2294198074,"Apr 15, 2019, 2:29:03 PM",Boston Marathon 2019ğŸ’™ğŸ’›ğŸ¦„,Run,"2 min marathon PR even with 2 pee-breaks ğŸ˜‚ 

Surprisingly felt pretty good on the hills, never really hit â€œthe wallâ€ and ended completely on empty! Super happy with my race. Definitely overhydrated (see: 2 pee-breaks) but Iâ€™d take that over dehydration I guess ğŸ¤·ğŸ»â€â™€ï¸ Lots to still learn about the marathon, thatâ€™s for sure. 

What an amazing experience ğŸ’›ğŸ’™ğŸ¦„",12287,42.44,410,FALSE,,activities/2441740215.fit.gz,4,2019,15, 2:29:03 PM
2298289022,"Apr 17, 2019, 10:08:57 PM",An attempt to make my legs feel like legs again,Ride,"20 mins of biking, then hit up the hot tub and the pool and now I can finally bend my legs ",1208,0,3,FALSE,,activities/2445975245.fit.gz,4,2019,17,10:08:57 PM
2304726059,"Apr 20, 2019, 12:02:23 AM",Walk with mom and the doggos,Walk,Too excited to start running again but also know that a couple more days off will be super important!!!,2896,2.99,7,FALSE,,activities/2452701815.fit.gz,4,2019,20,12:02:23 AM
2310319641,"Apr 22, 2019, 1:07:02 PM",First day back running ğŸ¤“,Run,and naturally had to hit up the trails! Boy did I miss that. Forgot to pause my watch while making eye contact with a deer - she was intimidating,2960,8.09,77,FALSE,,activities/2458585258.fit.gz,4,2019,22, 1:07:02 PM
2310319859,"Apr 22, 2019, 2:49:49 PM",Morning Run,Run,,571,1.64,17,FALSE,,activities/2458585493.fit.gz,4,2019,22, 2:49:49 PM
2313969000,"Apr 23, 2019, 9:19:22 PM",Hello Y-Trails!!!!,Run,Y-trails with Kristina and the boys at club time!!! Iâ€™m as happy as a bee ,3532,10.28,142,FALSE,,activities/2462442117.fit.gz,4,2019,23, 9:19:22 PM
2315357052,"Apr 24, 2019, 1:14:24 PM",Romping around Brookside,Run,,2064,6.45,42,FALSE,,activities/2463892114.fit.gz,4,2019,24, 1:14:24 PM
2315520534,"Apr 24, 2019, 2:49:28 PM",Morning Run,Run,,526,1.69,9,FALSE,,activities/2464061925.fit.gz,4,2019,24, 2:49:28 PM
2320397433,"Apr 26, 2019, 1:21:50 PM",10 minute rule turned to a real run,Run,"Legs feel about 95% recovered from Boston (except for from doing box jumps on Wednesday ğŸ˜…) but my brain only feels about 30% recovered 

Didnâ€™t want to get out the door today but made myself run at least 10 minutes and if I was still feeling crappy, I could turn back. Just thanking the wind for pushing me along at the beginning!! 
",2701,8.41,61,FALSE,,activities/2469154615.fit.gz,4,2019,26, 1:21:50 PM
2323511433,"Apr 27, 2019, 5:52:24 PM",Rain Rompin,Run,"Maybe should invest in swim goggles?? 

Few expletives were said at the wind this fine afternoon ",2486,8.14,80,FALSE,,activities/2472417501.fit.gz,4,2019,27, 5:52:24 PM
2326971973,"Apr 28, 2019, 10:14:02 PM",Hangin out at Peggyâ€™s,Run,Y-trails and mud were callin out my name today ğŸ˜,2825,8.06,82,FALSE,,activities/2476058083.fit.gz,4,2019,28,10:14:02 PM
2328064347,"Apr 29, 2019, 1:11:24 PM",Keeping it â„ï¸ but also running away from geese,Run,Tried to be a good student and went to my weightlifting class this morning but I was the only person who showed up so I just went home ğŸ¤·ğŸ»â€â™€ï¸ ,2585,8.1,16,FALSE,,activities/2477204026.fit.gz,4,2019,29, 1:11:24 PM
2328064579,"Apr 29, 2019, 2:00:09 PM",Run of shame from class,Run,,552,1.78,6,FALSE,,activities/2477204287.fit.gz,4,2019,29, 2:00:09 PM
2330384900,"Apr 30, 2019, 12:02:34 PM",Morning Miles,Run,"First few miles with Rose (thank goodness for her because I totally would have skipped a morning run to sleep instead), then a few miles more scampering around!! 

Feeling really good this morning and excited to get back into a routine ğŸ¤— also, learning to love ending a run up Hyland Hill â›°",3037,9.81,56,FALSE,,activities/2479615880.fit.gz,4,2019,30,12:02:34 PM
2333681649,"May 1, 2019, 1:31:45 PM",Swerving around sidewalk worms,Run,,2603,8.29,40,FALSE,,activities/2483046136.fit.gz,5,2019,1, 1:31:45 PM
2337350159,"May 2, 2019, 9:38:46 PM",Throwing the legs a little bit of everything today ,Run,"2 EZ miles with Quin, then hopped on over to the trails for bit (literally hopped over the creek), then over to good olâ€™ oakland hill for a few repeats!! 

Kept the hills super easy (weâ€™re definitely not ready for any speedwork over here) but still giving my legs some good climbing ğŸ—» 

Feeling superb and enjoying changing up terrains mid-run!  ",3283,10.28,85,FALSE,,activities/2486879334.fit.gz,5,2019,2, 9:38:46 PM
2339348598,"May 3, 2019, 7:19:52 PM",I thought only kids got ear infections ğŸ˜‚,Run,"Some EZ trail miles today because it turns out I have an ear infection and my head feels like itâ€™s going to explode ğŸ¤¯ 

Spent some time admiring all the flower blooms and insects buzzing around!! ğŸ¥° ",2883,8.06,59,FALSE,,activities/2488962032.fit.gz,5,2019,3, 7:19:52 PM
2344574812,"May 5, 2019, 3:16:22 PM",Running > studying >>> this ear infection,Run,"Back in the double digits!! Faster than anticipated today but ğŸ¤·ğŸ»â€â™€ï¸

Definitely not used to running in warm weather (itâ€™s not even that hot)ğŸ™ƒ but feeling really good! 

Less than 2 weeks till next race!! ",5139,16.17,179,FALSE,,activities/2494436925.fit.gz,5,2019,5, 3:16:22 PM
2347288487,"May 6, 2019, 6:58:47 PM",Watch going wack,Run,"First 2.5 miles with Quin on the trails, then rounded out to 5 on my own. Clearly my watch went wild towards the end - I did not run a 5:40 mile nor can I teleport ğŸ˜‚",2727,8.46,70,FALSE,,activities/2497288727.fit.gz,5,2019,6, 6:58:47 PM
2350247497,"May 7, 2019, 9:50:37 PM",Celebrating being done with finalsğŸ¥³,Run,60 mins easy today and feeling good!!,4123,12.93,68,FALSE,,activities/2500364650.fit.gz,5,2019,7, 9:50:37 PM
2351449628,"May 8, 2019, 12:12:14 PM",Rainy Run,Run,"1st day with no finals/classes and naturally woke up at 5:30am ğŸ™ƒğŸ™ƒğŸ™ƒğŸ™ƒ

At least my run is done before heavy rains later!!",2564,8.45,57,FALSE,,activities/2501610084.fit.gz,5,2019,8,12:12:14 PM
2354359843,"May 9, 2019, 4:48:26 PM",Hungryyyy,Run,,1906,6.47,7,FALSE,,activities/2504617594.fit.gz,5,2019,9, 4:48:26 PM
2365456018,"May 13, 2019, 9:42:34 PM",Post-full day of class 60 min run,Run,"Feeling alright after a few days off and for being sick (againğŸ™ƒ) 

Racing on Saturday should be interesting!! ",3833,11.32,159,FALSE,,activities/2516151879.fit.gz,5,2019,13, 9:42:34 PM
2368193153,"May 14, 2019, 9:36:02 PM",Such. A. Long. Day. ğŸ˜´,Run,First ~2.5 miles with Quin!! ,2608,8.15,74,FALSE,,activities/2518970220.fit.gz,5,2019,14, 9:36:02 PM
2371042652,"May 15, 2019, 10:17:55 PM",Tired but at least Iâ€™m muddy,Run,"Wishing I could automatically be adjusted to running in hot weather again but I know itâ€™s going to take a while ğŸ˜…

Long school days make me insanely tired for runs. Starting morning running again soon will hopefully help with that ğŸŒ",3047,8.23,116,FALSE,,activities/2521904427.fit.gz,5,2019,15,10:17:55 PM
2375371061,"May 17, 2019, 5:51:58 PM",Thumbs up for half-class days ğŸ‘,Run,"Worried tomorrowâ€™s race will be cancelled because of thunderstorms ğŸ˜¬â›ˆ

Still battling this chest cold a bit but feeling better.. running has been tough lately but I know that getting into a routine again will help!! ",1538,5.03,38,FALSE,,activities/2526365649.fit.gz,5,2019,17, 5:51:58 PM
2381722168,"May 19, 2019, 10:49:23 PM",Does this make up for a half marathon???ğŸ˜…,Run,"Was supposed to do a night trail half marathon yesterday evening but it got cancelled because of some crazy storms!! Ended up being a huge bum the entire weekend and just consumed a lot of good food and beer in Kansas City instead. 

I BARELY got out the door today - the only reason I decided to get a run in is because I felt so awful and lethargic that the only way Iâ€™d feel better was to go for a short run. My plan was to run 3 miles but I ended up feeling exponentially better! 

New races planned now... real routine-running starts up again tomorrow! ",2451,8.15,53,FALSE,,activities/2532963719.fit.gz,5,2019,19,10:49:23 PM
2382653017,"May 20, 2019, 11:58:54 AM",Long sleeve and shorts weather ğŸ‘Œ,Run,,3201,10.49,100,FALSE,,activities/2533924965.fit.gz,5,2019,20,11:58:54 AM
2385961395,"May 21, 2019, 5:33:23 PM",Rain running,Run,A little rain and 50 degree weather was beautiful ğŸ¤©,3067,9.69,90,FALSE,,activities/2537311457.fit.gz,5,2019,21, 5:33:23 PM
2392243506,"May 24, 2019, 12:10:36 AM",My watch is completely drunk ğŸ˜‚,Run,"Run was actually about 4.5 miles but my watch never connected to GPS and was struggling

I am completely dead ğŸ˜‚ 4 hours of class this morning and then headed straight to the field for 5 hours of field work. My lunch break was in the ride car to our sites ğŸ˜… Only reason I got out for a run is because Quin biked along with me and we got to talk the whole time. Bless his soul ğŸ’•",2271,7.86,57,FALSE,,activities/2543763060.fit.gz,5,2019,24,12:10:36 AM
2393614376,"May 24, 2019, 3:28:01 PM",Running through ankle deep water lol,Run,"Not sure how the pace stayed so consistent! 

An eventful run - found a snapping turtle and saw a hawk and bird fighting in mid air ğŸ˜± 

Feet were soaked but felt good overall ",2657,8.2,53,FALSE,,activities/2545176838.fit.gz,5,2019,24, 3:28:01 PM
2396477723,"May 25, 2019, 2:59:07 PM",Hot and humid ğŸ¥µ,Run,"Always loving a good IA â¡ï¸ IL â¡ï¸ IA run! 

Today was the first day in a while my legs have struggled SO hard on a run. Definitely needing to step back and slow things down a bit!!",5292,16.2,207,FALSE,,activities/2548136728.fit.gz,5,2019,25, 2:59:07 PM
2401553961,"May 27, 2019, 2:39:52 PM",ğŸŒ©ğŸŒ©ğŸŒ©,Run,Got caught in a gnarly storm - Finished up on the treadmill inside,971,3.35,14,FALSE,,activities/2553431507.fit.gz,5,2019,27, 2:39:52 PM
2401560454,"May 27, 2019, 3:07:05 PM",Treadmill miles,Run,Just trying to get in some miles before going back to Ames today!! Crazy lightning outside ,945,3.21,,FALSE,,,5,2019,27, 3:07:05 PM
2404609608,"May 28, 2019, 5:23:53 PM",Still thinking about the cute doggo I saw ,Run,"Managed to avoid the rain and had a nice run!!

Ended with 2 Hyland Hills - 1st was at normal pace and 2nd was an attempt to be a bit faster. Itâ€™s been really slow getting back into things ğŸ˜‚",2945,9.88,84,FALSE,,activities/2556583504.fit.gz,5,2019,28, 5:23:53 PM
2406305762,"May 29, 2019, 11:45:34 AM",Catching up with Brady ,Run,A lovely morning run!!,3193,9.78,87,FALSE,,activities/2558334203.fit.gz,5,2019,29,11:45:34 AM
2409114242,"May 30, 2019, 11:49:23 AM",Morning Run,Run,,2549,8.16,49,FALSE,,activities/2561238829.fit.gz,5,2019,30,11:49:23 AM
2411764844,"May 31, 2019, 12:00:38 PM",A big loop and a little loop,Run,,2420,8.18,90,FALSE,,activities/2563976980.fit.gz,5,2019,31,12:00:38 PM
2415004075,"Jun 1, 2019, 2:54:35 PM",Fueled by pre- and post-run watermelon,Run,"Met up with Brady for some miles today!! 

Hot and humid. Battled through some side cramps for the last 1.5 miles but overall a good run!!

Attempted some core work after but Iâ€™m feeling lazy",5659,16.13,146,FALSE,,activities/2567335288.fit.gz,6,2019,1, 2:54:35 PM
2415861454,"Jun 1, 2019, 9:19:52 PM",Afternoon Ride,Ride,,1112,3.15,5,FALSE,,activities/2568229000.fit.gz,6,2019,1, 9:19:52 PM
2415865661,"Jun 1, 2019, 7:02:33 PM",Afternoon Ride,Ride,,1329,4.1,,FALSE,,activities/2568233395.gpx.gz,6,2019,1, 7:02:33 PM
2418213927,"Jun 2, 2019, 4:11:23 PM",Lol rest day?? ,Run,"How else am I going to waste time this summer?! 

Maiden voyage of the Salomon Sense Ride 2â€™s and broke them in a bit too much with some mud ğŸ˜‹

Excited for the trails to dry up from all the rain... maybe next month ğŸ˜…",2792,8.09,87,FALSE,,activities/2570680221.fit.gz,6,2019,2, 4:11:23 PM
2421363529,"Jun 3, 2019, 9:19:57 PM",Discoloring yet another pair of shoes ,Run,"I. Am. Tired. 

7:30am classes started today for the next 3 weeks, Mon-Thurs. That with 7+ hours of classes and/or work is exhausting ğŸ¥µ 

Started out strong today but got tired a lot quicker than normal. Had some fun on the XC course!! ",2963,9.68,119,FALSE,,activities/2573940907.fit.gz,6,2019,3, 9:19:57 PM
2424315623,"Jun 4, 2019, 11:24:37 PM",Caffeine is one heck of a drug,Run,"Class for 3.5 hours and then straight to the field for 7 hours of work today ğŸ˜µ

Was absolutely going to skip a run today but I guess the cold brew had me ready to go lol 

Currently ordering a large pizza for myself because itâ€™s one of those days ",1869,6.46,77,FALSE,,activities/2576977245.fit.gz,6,2019,4,11:24:37 PM
2426923995,"Jun 5, 2019, 9:29:24 PM",Trails trails trails,Run,"Happy national running day!!! 

Had to break out the neck ice-pack to hit up the trails on this HOT HOT afternoon. Felt okay considering the 90 degree weather",4002,10.48,141,FALSE,,activities/2579669535.fit.gz,6,2019,5, 9:29:24 PM
2429818158,"Jun 7, 2019, 12:52:36 AM","Woooo, running",Run,Shoutout to Lindsey for making sure I get home safe after a run even when sheâ€™s in South Dakota ğŸ’•ğŸ˜‡,1872,6.46,53,FALSE,,activities/2582653556.fit.gz,6,2019,7,12:52:36 AM
2430992291,"Jun 7, 2019, 1:32:15 PM",Finally Friday!!!!,Run,,5576,16.12,127,FALSE,,activities/2583869413.fit.gz,6,2019,7, 1:32:15 PM
2432954535,"Jun 8, 2019, 11:05:54 AM",Slow and tired start,Run,Saturday 8ams begin today ğŸ˜… RIP,2418,8.07,66,FALSE,,activities/2585899298.fit.gz,6,2019,8,11:05:54 AM
2437990450,"Jun 10, 2019, 12:46:38 AM",Weird running schedule ğŸ˜…,Run,This route has been a go-to lately I guess,2100,7.27,39,FALSE,,activities/2591144394.fit.gz,6,2019,10,12:46:38 AM
2440156858,"Jun 10, 2019, 8:33:36 PM",Monday fun day,Run,,3532,11.44,89,FALSE,,activities/2593391420.fit.gz,6,2019,10, 8:33:36 PM
2443101618,"Jun 12, 2019, 12:15:35 AM",Is field season over yet?? ,Run,"These are normally words that would NEVER come out of my mouth but after this 12-hour day I am thinking otherwise ğŸ¥µ

IT IS SO NICE OUT right now and I felt AMAZING despite feeling like I might spontaneously fall asleep ğŸ¤£ ",2375,8.11,50,FALSE,,activities/2596416597.fit.gz,6,2019,12,12:15:35 AM
2444580892,"Jun 12, 2019, 3:49:06 PM","Sun, breeze, shade, and trees ğŸŒ",Run,Morning class ended early today which provided ample time to get a run in between classes done ğŸ˜ğŸŒ¼,2675,8.4,60,FALSE,,activities/2597944676.fit.gz,6,2019,12, 3:49:06 PM
2447242841,"Jun 13, 2019, 4:26:05 PM",A little end of run hill action ,Run,"Change in work schedule today let me get a run in before lunch again!!! Too excited!!

Felt like I could have run for a long time today but unfortunately I have too many papers that need to be written ğŸ™ƒ ",3011,10,83,FALSE,,activities/2600692268.fit.gz,6,2019,13, 4:26:05 PM
2449242124,"Jun 14, 2019, 12:21:08 PM",HAPPY ğŸŸDAY,Run,,5026,16.12,121,FALSE,,activities/2602754005.fit.gz,6,2019,14,12:21:08 PM
2451481490,"Jun 15, 2019, 11:01:59 AM",Wishing I was snoozinğŸ˜´,Run,,1951,6.46,48,FALSE,,activities/2605073855.fit.gz,6,2019,15,11:01:59 AM
2455961131,"Jun 16, 2019, 6:00:00 PM",Quick run in Clinton!!,Run,"Didnâ€™t feel like waiting for my watch to connect for a short run ğŸ˜… 

A nice run through Eagle Point Park!! ğŸ˜š",1380,4.82,,FALSE,,,6,2019,16, 6:00:00 PM
2458727323,"Jun 17, 2019, 8:55:01 PM",Trails with Brady ğŸ˜,Run,Felt like I could have run for hours in that rain ğŸ˜ ,3669,11.28,104,FALSE,,activities/2612592157.fit.gz,6,2019,17, 8:55:01 PM
2462043362,"Jun 18, 2019, 9:56:36 PM",So much to do and so little time,Run,But of course Iâ€™m still going for a run ğŸ™‚,1882,6.46,27,FALSE,,activities/2616008158.fit.gz,6,2019,18, 9:56:36 PM
2464367994,"Jun 19, 2019, 9:24:36 PM",60 min progression run,Run,"(Except that one pesky mile in there) 

Today was the first day I didnâ€™t have to work or have hours of homework to do after classğŸ™‚

I even made it to the gym today - is this real?! ",3979,12.91,109,FALSE,,activities/2618399900.fit.gz,6,2019,19, 9:24:36 PM
2467147593,"Jun 20, 2019, 11:06:10 PM",Easy run at the XC course ,Run,We are short wasps in the lab at work so I used this run to go hunting for more ğŸ¦Ÿ (pretend that mosquito is a wasp) ğŸ˜‚,2649,8.09,65,FALSE,,activities/2621274555.fit.gz,6,2019,20,11:06:10 PM
2469263533,"Jun 21, 2019, 7:45:08 PM",Unplanned long(ish) run,Run,"I was planning on running 4-5 miles today but after I started my run I started thinking about weekend plans and realized there wasnâ€™t much time to get some long run miles inğŸ˜…

Soooo I ended up just attempting some distance today instead. Felt really good despite running almost double what I had originally planned! only bad part of this run is that I did not wear a sports bra adequate for a long run ğŸ˜‚",4724,14.52,44,FALSE,,activities/2623472930.fit.gz,6,2019,21, 7:45:08 PM
2475393048,"Jun 23, 2019, 8:52:11 PM",Struggle ğŸšŒ,Run,"A nice weekend of rest/laziness made for a tough run today ğŸ˜… feeling very lethargic 

Thank goodness Quin joined me for this run!! ",1915,4.86,27,FALSE,,activities/2629857645.fit.gz,6,2019,23, 8:52:11 PM
2477903443,"Jun 24, 2019, 10:06:04 PM",Afternoon Run,Run,"First 3 miles with Quin!! 

Legs are still feeling heavy and was feeling some heartburn (whatâ€™s new lol). Stretching and Tums will be my best friends today!! ",2889,8.44,71,FALSE,,activities/2632460854.fit.gz,6,2019,24,10:06:04 PM
2482420436,"Jun 26, 2019, 2:05:40 PM",Lazy week milesğŸ™‚,Run,"Legs are still feeling slightly heavy but finally getting some miles in!! 

Replaced yesterday's run with a burrito and ice cream and was not mad at allğŸ¤“ğŸŒ¯

Quin is back in Ames just for this week so I have been spending most of my free time this last weekend and this week hanging out and eating instead of running! ",3083,9.73,79,FALSE,,activities/2637093963.fit.gz,6,2019,26, 2:05:40 PM
2484837563,"Jun 27, 2019, 1:43:01 PM",Hot hot hot ğŸ”¥,Run,"Guess who impulse signed up for a trail marathon at elevation in Colorado in 6 weeks?? ğŸ™‹ğŸ»â€â™€ï¸ğŸ¤¦ğŸ»â€â™€ï¸ 

It seemed like a good idea last night, I swear. 

I guess thatâ€™s one way to kick start a rude awakening to train again ğŸ˜¬ğŸ˜¬ğŸ˜¬ğŸ˜¬ 

A nice run with Quin today!! ",2667,8.11,68,FALSE,,activities/2639571086.fit.gz,6,2019,27, 1:43:01 PM
2487777324,"Jun 28, 2019, 4:11:36 PM",Miles between class and work ,Run,"Got really lucky during this run because a slight cold front came in and it was only ~72 degrees ğŸ™‚ (but still humid af) 

Legs are finally feeling back to normal!! Time to amp up training again ",3007,9.9,89,FALSE,,activities/2642594131.fit.gz,6,2019,28, 4:11:36 PM
2490944068,"Jun 29, 2019, 7:53:23 PM",Thank god for bandana ice packs ,Run,"93 degrees F, 110 degrees real feel ğŸ˜µ 

A real milestone today!! I used to be REALLY bad with heat/humidity and barely be able to get a run in when it got over 80 degrees. Thanks to this summerâ€™s training, my bandana ice pack, and the watermelon and Gatorade waiting for me in my fridge, I feel amazing! 

Also, today was my last Saturday 8am AND IM STOKED. Weekend morning runs will soon resume! ",3401,9.68,106,FALSE,,activities/2645871041.fit.gz,6,2019,29, 7:53:23 PM
2491399516,"Jun 30, 2019, 3:08:10 AM",Impulsive night run,Run,Spur-of-the-moment night trail run with Brady!! ,1205,3.22,43,FALSE,,activities/2646345518.fit.gz,6,2019,30, 3:08:10 AM
2492535363,"Jun 30, 2019, 12:59:01 PM",Sorely but surely ,Run,"Legs. are. shot. 
I actually drank quite a bit of water on this run which was good!! 

Scampered around a bit at Ada Hayden to try and catch some glimpses of the triathlon - managed to see Kristina biking once!! ğŸ˜",6647,17.74,144,FALSE,,activities/2647542827.fit.gz,6,2019,30,12:59:01 PM
2495004389,"Jul 1, 2019, 12:07:24 PM",Pretty darn sore,Run,and HUMID ğŸ˜…,2511,8.1,75,FALSE,,activities/2650224484.fit.gz,7,2019,1,12:07:24 PM
2497741725,"Jul 2, 2019, 12:23:43 PM",Oh the sweet smell of easy miles ğŸ¥´,Run,,2041,6.5,54,FALSE,,activities/2653068729.fit.gz,7,2019,2,12:23:43 PM
2501003018,"Jul 3, 2019, 2:50:39 PM",Humid Stockwell Hills,Run,"A nice run through Eagle Point, then a deadly out and back on Stockwell LaneğŸ™€

Those hills will forever kill me ğŸ˜‚ğŸ˜‚ğŸ˜‚",3376,9.75,91,FALSE,,activities/2656421863.fit.gz,7,2019,3, 2:50:39 PM
2503682051,"Jul 4, 2019, 2:00:40 PM",Happy 4th!!! ğŸ‡ºğŸ‡¸ğŸ‡,Run,A woman on a bike (and maybe on drugs) momentarily followed me for ~half a block loudly singing a â€œHappy 4th of Julyâ€ song ğŸ˜‚ ,2553,8.13,80,FALSE,,activities/2659158619.fit.gz,7,2019,4, 2:00:40 PM
2510464216,"Jul 7, 2019, 12:46:56 AM",Midsummer Nightâ€™s 10k - 2nd place ,Run,"A super fun race today!!! Legs are a little tired (probably from a long car drive this afternoon) but I HAD SO MUCH FUN!!! 

I am hoping that the distance was off because I felt like I was running faster than this but I also am struggling to find any speed in these legs anymore ğŸ˜…",2697,8.8,106,FALSE,,activities/2666062169.fit.gz,7,2019,7,12:46:56 AM
2512516974,"Jul 7, 2019, 2:10:45 PM",Need. Coffee. â˜•ï¸,Run,"And maybe a burrito ğŸ˜¼ 

Felt pretty awful for the first ~8 miles and my legs were dead before I even started BUT calories went in well today and I dreamt about drinking coffee the whole time ğŸ¤¤ ",8359,23.22,209,FALSE,,activities/2668149498.fit.gz,7,2019,7, 2:10:45 PM
2515722373,"Jul 8, 2019, 8:13:09 PM",+ some post run yogağŸ§˜ğŸ»â€â™€ï¸,Run,,2109,6.64,61,FALSE,,activities/2671397512.fit.gz,7,2019,8, 8:13:09 PM
2517456779,"Jul 9, 2019, 1:07:04 PM",Slow start on spaghetti leggies,Run,"A beautiful 70 degrees on this run ğŸ˜

Accidentally stayed up too late last night reading so a bit of a late start today",2642,8.47,52,FALSE,,activities/2673124580.fit.gz,7,2019,9, 1:07:04 PM
2520285361,"Jul 10, 2019, 11:30:45 AM",Easy morning miles ğŸŒ,Run,,4321,13.28,50,FALSE,,activities/2675968875.fit.gz,7,2019,10,11:30:45 AM
2523208307,"Jul 11, 2019, 1:14:31 PM",Morning Run - Part 1,Run,Accidentally saved my run at the stoplight ğŸ™„,554,1.68,4,FALSE,,activities/2678956115.fit.gz,7,2019,11, 1:14:31 PM
2523208948,"Jul 11, 2019, 1:24:32 PM",Morning Run - Part 2,Run,"Original plan for today was to run a workout, but my right achilles said otherwise!! Just some dull pain, not too worried - was already feeling a bit better at the end of the run ",2030,6.47,49,FALSE,,activities/2678956770.fit.gz,7,2019,11, 1:24:32 PM
2524411056,"Jul 11, 2019, 9:31:23 PM",Pre- Outdoor Yoga Double,Run,"Well, Iâ€™m going to have to shower again after hot yoga so might as well get a run out of it ğŸ¤·ğŸ»â€â™€ï¸

Drank a little too much coffee today so I have energy galore, my legs are feeling better and my achilles is ğŸ‘ !!!  

Run felt relaxed and smooth. Much needed after a rather crappy-feeling run this morning ",1880,6.46,43,FALSE,,activities/2680186021.fit.gz,7,2019,11, 9:31:23 PM
2526326370,"Jul 12, 2019, 3:57:46 PM",Morning Run,Run,"Shake out before tomorrowâ€™s long run!

Got stung by a bee on my ankle a little before 1.5 miles in so I turned home incase it got too swollen. You can actually see my heart rate spike up from when I got stung on the heart data ğŸ˜‚

Felt fine when I got home so went to 4 miles! ",2137,6.46,37,FALSE,,activities/2682217717.fit.gz,7,2019,12, 3:57:46 PM
2529007055,"Jul 13, 2019, 1:46:48 PM",Tour de Clinton,Run,"Almost gave up and turned home after 2 miles, thank the lord I didnâ€™t ğŸ˜¬ Will be spending tomorrow nursing a sore hamstring, though

My left ankle/foot is a bit swollen/painful/itchy from yesterdayâ€™s bee sting ğŸ™„ it bothered me a bit most of the run but I know that itâ€™s just superficial so itâ€™s nothing to end a run over 

Fun time revisiting some of my fave Clinton spots! Stopped at dadâ€™s work at ~13 miles to say hello ğŸ˜„",10235,27.41,256,FALSE,,activities/2684988517.fit.gz,7,2019,13, 1:46:48 PM
2534114874,"Jul 15, 2019, 1:02:03 PM",Hello IL ğŸ¤ ,Run,Legs are feeling great today!!,3241,9.74,77,FALSE,,activities/2690286413.fit.gz,7,2019,15, 1:02:03 PM
2536971054,"Jul 16, 2019, 1:20:08 PM",Morning Run,Run,,3644,11.3,105,FALSE,,activities/2693210125.fit.gz,7,2019,16, 1:20:08 PM
2539798609,"Jul 17, 2019, 12:15:16 PM",Morning Run,Run,Legs are tired today ğŸ˜´,3139,9.7,45,FALSE,,activities/2696109254.fit.gz,7,2019,17,12:15:16 PM
2542687596,"Jul 18, 2019, 12:53:08 PM",Humid ğŸ¥µ,Run,Starting slow & ending faster ,3471,11.31,93,FALSE,,activities/2699069330.fit.gz,7,2019,18,12:53:08 PM
2545236994,"Jul 19, 2019, 12:17:27 PM",Shakeout ,Run,Needed a shakeout run (or just new legs) before tomorrowâ€™s long run ğŸ™€,2802,8.51,48,FALSE,,activities/2701687027.fit.gz,7,2019,19,12:17:27 PM
2548162716,"Jul 20, 2019, 11:43:23 AM",Hot damn ,Run,"Mmmm a toasty real feel of 97 degrees â˜€ï¸ watch went crazy for the first mile, I know I was running faster than 10min pace ğŸ˜‚

Felt surprisingly good today, calories went in wonderfully and I refilled up on ice halfway through ğŸ˜ƒ 

Big shoutout to Brady for crewing me the last loop, I probably would have died otherwise ğŸ¤— 3 weeks till race day!!



",11761,32.27,316,FALSE,,activities/2704702045.fit.gz,7,2019,20,11:43:23 AM
2553723369,"Jul 22, 2019, 2:25:37 PM",Pit stop in Clinton ,Run,Not sure how much time Iâ€™m going to have to run in this week (or how to run in downtown Chicago for that matter) so I enjoyed this quiet and peaceful run today ğŸŒ,2943,9.68,83,FALSE,,activities/2710472783.fit.gz,7,2019,22, 2:25:37 PM
2556101369,"Jul 23, 2019, 11:10:10 AM",Helloooo Chicago,Run,"Iâ€™ll never ever like city running ğŸ˜‚ running on the lakefront trail was nice though!!

Legs feel drunk this morning because I only got like MAYBE 5 hours of sleep last night ğŸ˜… ",3196,9.74,35,FALSE,,activities/2712918059.fit.gz,7,2019,23,11:10:10 AM
2559068446,"Jul 24, 2019, 11:15:31 AM",Too many stoplights ğŸš«ğŸš¦,Run,,3442,9.96,52,FALSE,,activities/2715968389.fit.gz,7,2019,24,11:15:31 AM
2561942008,"Jul 25, 2019, 12:02:08 PM",Smells of Chicago ,Run,Spent my morning swerving around goose poo and people ,2744,8.12,38,FALSE,,activities/2718923714.fit.gz,7,2019,25,12:02:08 PM
2564626343,"Jul 26, 2019, 12:08:35 PM",Being a bit touristy,Run,I just really like the pigeons hereğŸ¦,5780,17.87,126,FALSE,,activities/2721686180.fit.gz,7,2019,26,12:08:35 PM
2567461052,"Jul 27, 2019, 2:20:41 PM",Morning Run,Run,"My last Chicago run was a quick run between talks and meetings!!! 

Lots o coffee sloshing around in my stomach ",2239,6.51,56,FALSE,,activities/2724615619.fit.gz,7,2019,27, 2:20:41 PM
2574385632,"Jul 29, 2019, 10:51:17 PM",Back to Ames running ,Run,First 3 with Quin! ,2040,6.52,61,FALSE,,activities/2731793847.fit.gz,7,2019,29,10:51:17 PM
2575886631,"Jul 30, 2019, 2:54:23 PM",Taper crazies??,Run,"Quick build up for this marathon and Iâ€™m still feeling tired and slow now that Iâ€™m starting to taper ğŸ˜‚ - it never fails! 

First 3.5 miles with Quin today! ",3183,9.68,63,FALSE,,activities/2733343859.fit.gz,7,2019,30, 2:54:23 PM
2578814679,"Jul 31, 2019, 2:28:42 PM",Morning Run!!!,Run,Ran with Q ğŸ¤“,2495,6.47,40,FALSE,,activities/2736378715.fit.gz,7,2019,31, 2:28:42 PM
2584192770,"Aug 2, 2019, 1:33:03 PM",Easy morning ,Run,Back in C-town again for my dadâ€™s birthday ğŸ¥³,2445,8.08,61,FALSE,,activities/2741925289.fit.gz,8,2019,2, 1:33:03 PM
2587097194,"Aug 3, 2019, 1:51:09 PM",1 week out!!!,Run,1 week until Iâ€™m marathon-ing through the mountains and attempting to find some oxygen in the air ğŸ˜¬,3998,12.94,127,FALSE,,activities/2744940583.fit.gz,8,2019,3, 1:51:09 PM
2594241898,"Aug 5, 2019, 9:54:35 PM",My favorite part of taper ğŸ˜…,Run,,1549,4.89,33,FALSE,,activities/2752695888.fit.gz,8,2019,5, 9:54:35 PM
2599867875,"Aug 7, 2019, 2:10:08 PM",Buffalo Mountain Ascent,Hike,"Why not destroy the legs 3 days before a marathon?? 

A LOT of boulder scrambling on this â€œhikeâ€ - too fun!! Wishing I was as agile on the rocks as the mountains goats we saw ğŸ¤©",9009,3.8,21,FALSE,,activities/2758518898.fit.gz,8,2019,7, 2:10:08 PM
2602755953,"Aug 8, 2019, 4:17:45 PM",Thomas Lakes Trail - Up,Hike,Hike/jog up to Thomas Lakes ğŸ˜ too beautiful! ,4511,5.81,39,FALSE,,activities/2761513802.fit.gz,8,2019,8, 4:17:45 PM
2602756857,"Aug 8, 2019, 6:22:49 PM",Thomas Lakes Trail - Down ,Hike,Spent some time at the lake before heading down! Too much peanut butter made for a gross-feeling hike/jog back but it was too beautiful to care ğŸ¤ ,4197,5.89,20,FALSE,,activities/2761514741.fit.gz,8,2019,8, 6:22:49 PM
2605386698,"Aug 9, 2019, 7:27:21 PM",Crater Lake Trail - Out,Hike,"Saved the shortest, most touristy, & most trafficked hike for pre-race!!!  ",3143,2.81,9,FALSE,,activities/2764250850.fit.gz,8,2019,9, 7:27:21 PM
2605386978,"Aug 9, 2019, 8:45:14 PM",Crater Lake Trail - Back,Hike,,2571,2.86,7,FALSE,,activities/2764251143.fit.gz,8,2019,9, 8:45:14 PM
2607686333,"Aug 10, 2019, 12:30:06 PM",Aspen Backcountry Marathon - 10th Female Overall,Run,"Took a big fall at ~6.5 miles which resulted in: 2 scraped knees, 1 scraped elbow, and a scraped stomach ğŸ˜‚

Lungs were hurtin pretty bad at the higher elevations and on the big climbs, but speed-hiking early on seemed to help a lot later on in the race! 

Could barely choke down any calories for the last 1.5 hours and my stomach turned South which made for a very difficult last couple miles, but regardless, Iâ€™m so happy with this race!! ",18970,42.85,537,FALSE,,activities/2766653436.fit.gz,8,2019,10,12:30:06 PM
2615632031,"Aug 13, 2019, 2:54:34 PM",Back in business (kinda),Run,Ran with Quin. Legs are feeling strong on the flat-ness of Iowa. Joints are sore from falling during the raceğŸ˜‚,1143,3.39,25,FALSE,,activities/2774957878.fit.gz,8,2019,13, 2:54:34 PM
2619249201,"Aug 14, 2019, 6:41:09 PM",Easing back into it ğŸ¤©,Run,,1490,4.87,41,FALSE,,activities/2778698258.fit.gz,8,2019,14, 6:41:09 PM
2622063707,"Aug 15, 2019, 6:01:49 PM",Afternoon Run,Run,"Knees are feeling better, foot is still a little achy but improving!! A couple more easy days before getting back into regular running ğŸ™‚ ",1991,6.52,48,FALSE,,activities/2781617204.fit.gz,8,2019,15, 6:01:49 PM
2624344684,"Aug 16, 2019, 3:25:35 PM",Happy legs,Run,Surprised with how good my legs feel 6 days post-marathon ğŸ¤©ğŸ¤©ğŸ¤©,2728,8.45,60,FALSE,,activities/2783988563.fit.gz,8,2019,16, 3:25:35 PM
2630611623,"Aug 18, 2019, 3:12:40 PM",90 mins easy,Run,First hour with Quin!! ,6390,17.72,138,FALSE,,activities/2790536485.fit.gz,8,2019,18, 3:12:40 PM
2632499059,"Aug 19, 2019, 12:24:44 PM",Happy Monday ğŸ¤©,Run,,2654,8.51,49,FALSE,,activities/2792519560.fit.gz,8,2019,19,12:24:44 PM
2635325605,"Aug 20, 2019, 12:41:29 PM",Post-thunderstorm fun,Run,"Legs are tired from field work yesterday and/or moving to my new apartment, but they are still feeling strong!! ",3442,10.48,77,FALSE,,activities/2795484545.fit.gz,8,2019,20,12:41:29 PM
2639863667,"Aug 21, 2019, 10:03:35 PM",Warm up,Run,,799,2.42,3,FALSE,,activities/2800172234.fit.gz,8,2019,21,10:03:35 PM
2639864118,"Aug 21, 2019, 10:17:21 PM",Fartlek: 6x (4min on / 3min jog),Run,"After early morning field work and a lab lunch at Huhot I planned on running some easy miles this evening. Feeling pretty good for the first mile I thought, â€œhm, maybe I should try doing one of those â€˜interval workout thingsâ€™ that Iâ€™ve been putting off for over a month ğŸ˜‚ 

Goal was sub-7min/mile pace for each 4 min interval.

1. 6:48 pace
2. 6:58 pace
3. 6:57 pace
4. 7:19 pace (on the trail) 
5. 6:39 pace
6. 6:50 pace

Lungs felt amazing, legs felt like they forgot how to run fast ğŸ˜‚ good workout! ",2561,9.18,76,FALSE,,activities/2800172764.fit.gz,8,2019,21,10:17:21 PM
2639864403,"Aug 21, 2019, 11:00:55 PM",Cool down,Run,,1195,3.78,33,FALSE,,activities/2800173113.fit.gz,8,2019,21,11:00:55 PM
2641284993,"Aug 22, 2019, 12:30:08 PM",60 minutes of movement ğŸ˜‹,Run,,3843,11.82,75,FALSE,,activities/2801672353.fit.gz,8,2019,22,12:30:08 PM
2644404297,"Aug 23, 2019, 2:41:33 PM",Ada Hayden mini-trail â¤ï¸,Run,,3350,10.47,71,FALSE,,activities/2804905828.fit.gz,8,2019,23, 2:41:33 PM
2647269588,"Aug 24, 2019, 1:04:31 PM",Kronk from The Emperorâ€™s New Groove ,Run,"Idk I think my route map kind of looks like Kronk ğŸ¤·ğŸ»â€â™€ï¸ 

ANYWAYS... pure bliss on this run. ğŸ˜Œ No real distance or pace goals and didnâ€™t plan a route. Ran through the old neighborhood where my relationship with running 1st started and had too much fun!! 

Miles 9-13 were feeling fast and amazingggg ",6769,22.69,212,FALSE,,activities/2807893934.fit.gz,8,2019,24, 1:04:31 PM
2652994115,"Aug 26, 2019, 11:58:46 AM",Wonky GPS map ,Run,"But distance is still right!! (Mile times seem odd though) 

5 miles with Brady and then exploring for a new hill ğŸ¤“",3611,11.67,56,FALSE,,activities/2813886074.fit.gz,8,2019,26,11:58:46 AM
2656163872,"Aug 27, 2019, 2:34:21 PM",New fave easy-day route,Run,Love living closer to Ada Hayden now ğŸ˜,3477,11.27,87,FALSE,,activities/2817193181.fit.gz,8,2019,27, 2:34:21 PM
2659292979,"Aug 28, 2019, 2:22:10 PM",Catching up with Rose ğŸ¥°,Run,,3328,8.19,55,FALSE,,activities/2820431292.fit.gz,8,2019,28, 2:22:10 PM
2659293559,"Aug 28, 2019, 3:41:28 PM",#NAME?,Run,Wish I could just run and eat watermelon all day but I apparently also have to go to class and work ğŸ‰,1937,6.46,44,FALSE,,activities/2820432070.fit.gz,8,2019,28, 3:41:28 PM
2665545423,"Aug 30, 2019, 8:02:06 PM",Happy â˜ºï¸,Run,"Working for 10 hours yesterday before a 2 hour night class made me momentarily forget running was even a thing and thatâ€™s never a good day ğŸ™ 

Feeling good to get back into it today ğŸ¤© legs are tired but feeling strong!",3472,11.29,91,FALSE,,activities/2826916135.fit.gz,8,2019,30, 8:02:06 PM
2671402683,"Sep 1, 2019, 2:25:11 PM",Sunday Run,Run,"This run started out terrible, but ended feeling pretty good. It felt like it took me a half marathon just to get warmed up ğŸ˜‚ 

First 9 miles with Quin - sometimes running long distances with your significant other is hard ğŸ˜… Oh well, we survived ğŸ™‚

Long day yesterday so my legs were pretty tired when I woke up. Just feels good to have this one done!! ",10173,29.03,182,FALSE,,activities/2833054313.fit.gz,9,2019,1, 2:25:11 PM
2674104518,"Sep 2, 2019, 5:27:21 PM",Toasty recovery run ğŸ,Run,,3469,10.48,120,FALSE,,activities/2835877363.fit.gz,9,2019,2, 5:27:21 PM
2674837859,"Sep 2, 2019, 10:26:37 PM",Procrastinating,Ride,Short pre-pool bike session with Quin ğŸš´â€â™€ï¸ğŸŠâ€â™€ï¸,1091,0,3,FALSE,,activities/2836619892.fit.gz,9,2019,2,10:26:37 PM
2676061393,"Sep 3, 2019, 12:16:48 PM",Uh oh ğŸ¤’,Run,Very heavy legs and lungs this morning - a little worried Iâ€™m getting sick ğŸ™ ,3566,10.5,63,FALSE,,activities/2837905139.fit.gz,9,2019,3,12:16:48 PM
2679310404,"Sep 4, 2019, 2:28:30 PM",A tad under the weather,Run,The weather is feeling wonderful outside this morning but I am not ğŸ¤’,1839,4.99,19,FALSE,,activities/2841253045.fit.gz,9,2019,4, 2:28:30 PM
2687439796,"Sep 7, 2019, 1:18:26 PM",Post-sick and Pre-race,Run,Lungs still feel a little tight but really happy to be running ğŸ¤©ğŸ¤©ğŸ¤©,1467,4.85,7,FALSE,,activities/2849652798.fit.gz,9,2019,7, 1:18:26 PM
2691069646,"Sep 8, 2019, 12:29:59 PM",Clinton Half Marathon - 1st Female and 4th OA,Run,"Fun race back home!! Heart rate was completely whack (probably inaccurate - I hope!) ğŸ˜³ğŸ˜± legs felt fine, though",5408,21.16,353,FALSE,,activities/2853439874.fit.gz,9,2019,8,12:29:59 PM
2693973724,"Sep 9, 2019, 4:54:05 PM",Shakeout Run,Run,This weather ğŸ˜,2154,6.52,36,FALSE,,activities/2856470643.fit.gz,9,2019,9, 4:54:05 PM
2699424464,"Sep 11, 2019, 2:09:24 PM",Easy rain run,Run,Thereâ€™s something very wonderful about running in the rain ğŸ˜Œ,3321,10.48,61,FALSE,,activities/2862115580.fit.gz,9,2019,11, 2:09:24 PM
2702131211,"Sep 12, 2019, 1:31:08 PM",Humid Morning Run,Run,ğŸ¥µ,3514,10.49,54,FALSE,,activities/2864907452.fit.gz,9,2019,12, 1:31:08 PM
2704567261,"Sep 13, 2019, 11:05:00 AM",Nice and easy,Run,"Met the sunrise at the top of Ada Hayden ğŸ™‚ğŸŒ… 
Happy Friday!! ",3289,9.68,64,FALSE,,activities/2867424160.fit.gz,9,2019,13,11:05:00 AM
2711794037,"Sep 15, 2019, 3:43:57 PM",60 mins of humid,Run,"Ran with Quin today, we were both tired. Just slogged around and had some fun instead ğŸ˜ 

1 week post-race and 1 week pre-race ğŸ˜… ",4756,11.35,103,FALSE,,activities/2874941342.fit.gz,9,2019,15, 3:43:57 PM
2713567921,"Sep 16, 2019, 12:05:55 PM",Morning Run,Run,,2252,6.61,22,FALSE,,activities/2876813520.fit.gz,9,2019,16,12:05:55 PM
2716399094,"Sep 17, 2019, 12:02:36 PM",+ some yoga ğŸ§˜ğŸ»â€â™€ï¸,Run,Basically a month straight of tapering with a few races thrown in there ğŸ˜‚,2102,6.76,8,FALSE,,activities/2879735713.fit.gz,9,2019,17,12:02:36 PM
2719707431,"Sep 18, 2019, 3:01:08 PM",ğŸ,Run,"I somehow got sick again ğŸ™ƒ but still feeling pretty good on this run!! Just a bad cough. 

Found a tiny snake and tried to catch it when a biker happened to ride by. They probably thought I was crazy as I was crawling around in the grass and trying to entice the snakeğŸ˜‚ ",1574,4.91,36,FALSE,,activities/2883147074.fit.gz,9,2019,18, 3:01:08 PM
2728554219,"Sep 21, 2019, 5:10:56 PM",Shortie shake out,Run,Still sick but finally on the tail end of things ğŸ¤’ last 2 days were pretty bad ,761,2.45,19,FALSE,,activities/2892301316.fit.gz,9,2019,21, 5:10:56 PM
2731523150,"Sep 22, 2019, 12:00:13 PM",Quad Cities Marathon - 8th place female,Run,"7 minute PR and 1st in 24&under!!! 

Raining nearly the entire race and it completely down-poured for a while - sure made things fun!!! Feet stayed dry for maybe the first mile and then were drenched after that.

No tummy issues and nutrition went nearly perfect!!! Was absolutely cruising until the last 4 miles where I died ğŸ˜… 

Still (finally) hit that 7:30 pace goal. Too happy right now ğŸ¤©",11832,42.38,271,FALSE,,activities/2895414335.fit.gz,9,2019,22,12:00:13 PM
2738920255,"Sep 25, 2019, 2:37:52 PM",Back at it ğŸ™‚,Run,Nice and easy shakeout. Feeling so good!! Ready to get back to the trails ğŸŒ¿,2152,6.49,38,FALSE,,activities/2903080338.fit.gz,9,2019,25, 2:37:52 PM
2741402423,"Sep 26, 2019, 1:36:25 PM",Fall weather ğŸ˜ğŸ˜ğŸ˜,Run,"Felt like I could have run for hours thanks to the weather and some happy legs ğŸ¤© still in recovery mode, however ",2158,6.6,60,FALSE,,activities/2905650769.fit.gz,9,2019,26, 1:36:25 PM
2743623442,"Sep 27, 2019, 11:03:24 AM",Following the street lamps ,Run,"I was planning on doing a short headlamp trail segment once I got to Ada Hayden, but my legs just werenâ€™t feeling it this morning! Opted for some post-run yoga instead. Happy Friday!!!ğŸ§˜ğŸ»â€â™€ï¸ğŸŒŒ",2180,6.6,38,FALSE,,activities/2907960290.fit.gz,9,2019,27,11:03:24 AM
2747270318,"Sep 28, 2019, 5:01:47 PM",60 mins easyğŸŒ,Run,,4107,11.85,131,FALSE,,activities/2911735120.fit.gz,9,2019,28, 5:01:47 PM
2750792668,"Sep 29, 2019, 10:25:06 PM",Today = me being a bum all day,Run,Beautiful weather after a rainy weekend! ,1568,5.01,47,FALSE,,activities/2915412397.fit.gz,9,2019,29,10:25:06 PM
2751606279,"Sep 30, 2019, 10:45:24 AM",6am campus explorations,Run,At least thereâ€™s light on campus ğŸŒŒğŸŒŒğŸŒŒ,2099,6.54,34,FALSE,,activities/2916290378.fit.gz,9,2019,30,10:45:24 AM
2755592069,"Oct 1, 2019, 9:27:47 PM",Officially an OLD grad student + a torrential downpour,Run,"Ran past the run club boys. They hollered at me to â€œjoin the running clubâ€ ğŸ˜‚ no worries, I was already in it for 4 years yâ€™all

Literally tapering every day ğŸ˜… it feels weird running so short, but 4 days till next race!!",1520,4.97,39,FALSE,,activities/2920438284.fit.gz,10,2019,1, 9:27:47 PM
2760617432,"Oct 3, 2019, 6:00:00 PM",Helping Holly w/ her biomechanics study ğŸ¤“,Run,,240,0.8,,FALSE,,,10,2019,3, 6:00:00 PM
2762890532,"Oct 4, 2019, 7:14:04 PM",Lil booty shakeout jog,Run,Legs feel great! Letâ€™s hope the rest of the body (and the weather) does tomorrow morning too ğŸ˜¬,1025,3.3,16,FALSE,,activities/2927997903.fit.gz,10,2019,4, 7:14:04 PM
2765619530,"Oct 5, 2019, 1:03:17 PM",Lake Perry Rocks 50k!!!!,Run,"Actual distance: 31 miles (my watch didnâ€™t like the forests), actual pace: 11:48ish, actual elevation gain: a little less than 4,000ft (according to the RD)

1st place female, 3rd place overall in a pretty small field 

Well, considering the conditions, a decent race! Lots and lots and LOTS of mud. Goal going in was sub 10min/mile pace but sometimes you have to change your goals mid-race and thatâ€™s ok ğŸ™‚ 

Stormed (with a bit of lightning ğŸ˜¬) for the first 2 hours and 2 torrential downpours during the race. Trails turned into rivers of mud a couple inches deep! Super rocky trail which made things difficult after it rained - super slick! 
",22041,45.81,664,FALSE,,activities/2930852103.fit.gz,10,2019,5, 1:03:17 PM
2766185089,"Oct 5, 2019, 6:00:30 PM",Missing miles,Run,,2100,4.82,,FALSE,,,10,2019,5, 6:00:30 PM
2775472175,"Oct 9, 2019, 3:00:01 PM",Enjoying the weather ,Run,"The last few days off have felt amazing - but it feels even better to be back running in this perfect fall weatherğŸ™‚ 

Blisters on my feet are still a bit tender. bandaids are my best friend ",1640,4.93,48,FALSE,,activities/2941143663.fit.gz,10,2019,9, 3:00:01 PM
2777948553,"Oct 10, 2019, 2:39:32 PM",Rain scamper,Run,First half mile was completely flooded ğŸ˜…,2283,6.53,39,FALSE,,activities/2943715065.fit.gz,10,2019,10, 2:39:32 PM
2780668630,"Oct 11, 2019, 4:59:46 PM",A blustery day ğŸ’¨,Run,Body feels good. Motivations at an all time low. I guess 3 races in 5 weeks will do that ğŸ˜… ,2134,6.87,36,FALSE,,activities/2946557171.fit.gz,10,2019,11, 4:59:46 PM
2783907060,"Oct 12, 2019, 10:03:28 PM",This weeks â€œlong runâ€ ğŸ¤ª,Run,"Finally feeling recovered!! Excited ğŸ¤© back to business on Monday! 

I am forever getting lost in Eagle Points trails ğŸ˜‚ Youâ€™d think for being Clintonâ€™s only real single track trails Iâ€™d know it, but Iâ€™m always lost after the grass opening!! Went up the big sledding hill and took the frisbee golf course back ğŸ™‚ 

Todayâ€™s run was motivated by: Kipchogeâ€™s sub-2 marathon and the Moab 240 runners who are currently on hour 34 of running ğŸ˜³",2604,8.08,90,FALSE,,activities/2950005980.fit.gz,10,2019,12,10:03:28 PM
2787151353,"Oct 13, 2019, 10:00:57 PM",Jk yesterdayâ€™s run title was wrongğŸ˜…,Run,"60 mins easy with Brady! 

The miles fly by when youâ€™re catching up!",3696,11.75,92,FALSE,,activities/2953473144.fit.gz,10,2019,13,10:00:57 PM
2787989464,"Oct 14, 2019, 10:44:10 AM",Morning Run,Run,,2525,8.1,19,FALSE,,activities/2954408225.fit.gz,10,2019,14,10:44:10 AM
2791998155,"Oct 15, 2019, 9:30:58 PM",Wicked windğŸ’¨ğŸ’¨ğŸ’¨,Run,Back on my BS and doing the Ada Hayden trail route basically every day ğŸ˜‚ğŸ˜‚,3374,10.77,54,FALSE,,activities/2958629091.fit.gz,10,2019,15, 9:30:58 PM
2794451575,"Oct 16, 2019, 6:42:15 PM",Sleepy day,Run,Felt like I was snoozing for this run until I ran into a friend who was running with her doggo ğŸ¤© got my dog fix for the next hour or so,2388,6.6,34,FALSE,,activities/2961220955.fit.gz,10,2019,16, 6:42:15 PM
2796671839,"Oct 17, 2019, 6:46:18 PM",Beautiful weather ğŸ˜ğŸ˜ğŸ˜,Run,,3461,10.49,89,FALSE,,activities/2963572213.fit.gz,10,2019,17, 6:46:18 PM
2801468084,"Oct 19, 2019, 5:27:35 PM",2 hours of cruisinâ˜€ï¸,Run,"(+1.5 minutes so I could finish at 15 because thatâ€™s just who I am at this point) 

Feeling real good! Full credit to the pre-run waffles Quin made for brunch today ğŸ˜‹ ",7910,24.17,182,FALSE,,activities/2968692691.fit.gz,10,2019,19, 5:27:35 PM
2804700276,"Oct 20, 2019, 8:19:25 PM",Back2Back long(ish) runs,Run,"Working the legs a bit with a little speed post-Saturday long run!! 

Easy miles out to Ada Hayden, progressively faster on the loop, then easy miles home. 

Thoughts the entire time were about garlic bread ğŸ¥–",3996,12.92,108,FALSE,,activities/2972166832.fit.gz,10,2019,20, 8:19:25 PM
2806977556,"Oct 21, 2019, 10:02:36 PM",Rainy Run,Run,Night class cancelled today ğŸ¤©ğŸ¤©ğŸ¤©,2075,6.47,47,FALSE,,activities/2974606916.fit.gz,10,2019,21,10:02:36 PM
2809612786,"Oct 22, 2019, 10:18:16 PM",Tired eyes and wind burned lips,Run,"Barely got out the door today - working with high schoolers all day is exhausting! ğŸ˜´ 

Feeling much better after some time in the fresh air and cold wind ğŸ™‚",3379,10.48,124,FALSE,,activities/2977407508.fit.gz,10,2019,22,10:18:16 PM
2811101964,"Oct 23, 2019, 2:28:09 PM",Nice and easy,Run,Cooler temps made for a nice easy run ğŸ™‚,2193,6.6,9,FALSE,,activities/2979036683.fit.gz,10,2019,23, 2:28:09 PM
2814003184,"Oct 24, 2019, 4:15:41 PM",Procrastinating the best way I know how ğŸ™‚,Run,,4368,13.74,85,FALSE,,activities/2982116130.fit.gz,10,2019,24, 4:15:41 PM
2818506335,"Oct 26, 2019, 2:21:50 PM",60 mins easyğŸŒ,Run,10 degree difference from start to finish of this run ğŸ¥µ ,3706,12.08,89,FALSE,,activities/2986988710.fit.gz,10,2019,26, 2:21:50 PM
2822439697,"Oct 27, 2019, 8:31:39 PM",Sunday fun run,Run,Easy miles with Brady this afternoon!,2684,8.3,26,FALSE,,activities/2991226712.fit.gz,10,2019,27, 8:31:39 PM
2823922494,"Oct 28, 2019, 11:35:11 AM",Route for the dark mornings ğŸŒ‘,Run,,2297,7.25,62,FALSE,,activities/2992879885.fit.gz,10,2019,28,11:35:11 AM
2827067463,"Oct 29, 2019, 8:26:34 PM",Fueled by chocolate chips ğŸ¤¤,Run,,2213,6.63,46,FALSE,,activities/2996252041.fit.gz,10,2019,29, 8:26:34 PM
2833600130,"Nov 1, 2019, 2:16:52 PM",Morning Run,Run,2 days off and then a Friday 2 mile run?? You know what that means... ğŸƒğŸ»â€â™€ï¸ğŸ,1030,3.29,28,FALSE,,activities/3003438854.fit.gz,11,2019,1, 2:16:52 PM
2836061468,"Nov 2, 2019, 1:00:02 PM",Miner 49er 50k,Run,"2nd place female, 3rd place overall!!! Total time: 5:10ish

WHAT A FUN RACE (I guess PRs are always fun though hehe) pretty muddy in some spots, but nothing compared to last monthâ€™s 50k ğŸ˜‚ 

Almost an hour PR! Out of the top 4 overall finishers, 3 were women, and I am STOKED to have seen such a badass group of ladies!! 

Lots of leg cramping the last 7 miles or so, but nutrition went amazing and no stomach issues!! Woooo! 

Finally some much needed rest after a busy fall racing schedule :-) ",18622,49.37,517,FALSE,,activities/3006161713.fit.gz,11,2019,2, 1:00:02 PM
2845830033,"Nov 6, 2019, 5:11:12 PM",Me?? On a bike?? lol ,Ride,"Super slow, easy, short recovery on the bike ğŸ¢

Legs feel like lead ğŸ˜… ",2674,9.84,37,FALSE,,activities/3017062717.fit.gz,11,2019,6, 5:11:12 PM
2848300599,"Nov 7, 2019, 6:31:28 PM",Slowly but surely,Run,"Body is feeling wonderful! Taking things slowly before building back up, though. No rush here and feeling good!ğŸ¤  ",1119,3.36,25,FALSE,,activities/3019969715.fit.gz,11,2019,7, 6:31:28 PM
2850652254,"Nov 8, 2019, 8:13:17 PM",Homesick for the trails.. already! ,Run,"Added in the teeny tiny section of trails through Brookside - oh how I love singletracks! â¤ï¸

Felt like I could have run for a long time today but still trying to take things easy ğŸ¤ ",2052,6.62,35,FALSE,,activities/3022783696.fit.gz,11,2019,8, 8:13:17 PM
2852946281,"Nov 9, 2019, 5:01:52 PM",Same as yesterdayğŸ˜‚,Run,,2162,6.51,35,FALSE,,activities/3025377219.fit.gz,11,2019,9, 5:01:52 PM
2860965989,"Nov 12, 2019, 10:03:22 PM",Winter wonderland â„ï¸,Run,"Watch was hidden under my long sleeve so this was totally based on feel, and by feel I just mean whatever pace kept me warm ğŸ˜‚",2633,8.22,71,FALSE,,activities/3034530383.fit.gz,11,2019,12,10:03:22 PM
2862339194,"Nov 13, 2019, 3:37:42 PM",1st ever run with glasses on ğŸ¤“,Run,"Not a fan. At least itâ€™s cold enough out that my face doesnâ€™t sweat and make my glasses fall offğŸ˜…

Canâ€™t wear contacts for the next week and a half - how will I survive?! ",2579,8.11,38,FALSE,,activities/3036325557.fit.gz,11,2019,13, 3:37:42 PM
2865490947,"Nov 14, 2019, 8:00:15 PM",Helping out with a running study ,Run,Got to try out some cool and fast shoesğŸ˜›,2700,10.86,,FALSE,,,11,2019,14, 8:00:15 PM
2867297881,"Nov 15, 2019, 9:05:42 PM",FRIDAYYY (and shorts weather!!),Run,Usual Ada Hayden loop + a little jog at the end to check the mail ğŸ¤“,3576,10.8,29,FALSE,,activities/3042276049.fit.gz,11,2019,15, 9:05:42 PM
2869851024,"Nov 16, 2019, 8:11:30 PM",Scooting around ğŸ™‚,Run,Lagging behind Brady on the trails ğŸ˜‚ thanks for the CR! ,5502,14.57,187,FALSE,,activities/3045334472.fit.gz,11,2019,16, 8:11:30 PM
2872766606,"Nov 17, 2019, 9:01:39 PM",Still digesting pizza ğŸ•,Run,"Had an enormous slice of leftover Great Plains pizza a little before this. Surprisingly didnâ€™t feel too bad!! 

Just training for the more fun aspects of ultra running ğŸ˜‹",2104,6.77,52,FALSE,,activities/3048806796.fit.gz,11,2019,17, 9:01:39 PM
2874788988,"Nov 18, 2019, 8:41:38 PM",Squeezing in a quick run ğŸ¤ ,Run,,2095,6.48,50,FALSE,,activities/3051300741.fit.gz,11,2019,18, 8:41:38 PM
2877596839,"Nov 19, 2019, 10:40:10 PM",Chasing daylight ğŸŒ…,Run,,1935,6.46,25,FALSE,,activities/3054662915.fit.gz,11,2019,19,10:40:10 PM
2878540847,"Nov 20, 2019, 12:16:05 PM",Morning Run,Run,Ready for a long day ahead ğŸ˜¼,2140,6.46,45,FALSE,,activities/3055916072.fit.gz,11,2019,20,12:16:05 PM
2881356816,"Nov 21, 2019, 4:18:20 PM",(Hopefully) last run in glasses ğŸ¤“,Run,,2608,8.26,79,FALSE,,activities/3059410628.fit.gz,11,2019,21, 4:18:20 PM
2890549504,"Nov 25, 2019, 2:58:42 PM",Back to running ğŸ˜Š,Run,Got Lasik on Friday - no more glasses or contacts for this gal!! Running is beautiful ğŸ˜ğŸ˜ğŸ˜,2621,8.13,55,FALSE,,activities/3071215231.fit.gz,11,2019,25, 2:58:42 PM
2892976212,"Nov 26, 2019, 3:32:24 PM",Morning Run,Run,A German shepherd tried to run with me for a moment and it was wonderful ğŸ˜,2752,8.27,51,FALSE,,activities/3074293418.fit.gz,11,2019,26, 3:32:24 PM
2897557694,"Nov 28, 2019, 3:34:48 PM",Trotting on Turkey Day,Run,Happy Thanksgiving everyone!! ğŸ˜‹ğŸ¦ƒ,2569,8.08,79,FALSE,,activities/3080018376.fit.gz,11,2019,28, 3:34:48 PM
2899714350,"Nov 29, 2019, 4:20:36 PM",Easy easy miles ğŸ¤ ,Run,,2123,6.62,55,FALSE,,activities/3082682886.fit.gz,11,2019,29, 4:20:36 PM
2904533592,"Dec 1, 2019, 3:22:43 PM",Morning Run,Run,Back to regular mileage next week! Last few easy weeks have been nice ğŸ˜Š,2011,6.61,32,FALSE,,activities/3088417037.fit.gz,12,2019,1, 3:22:43 PM
2906383585,"Dec 2, 2019, 3:10:43 PM",Yâ€™all know I love this route ,Run,,3310,10.54,50,FALSE,,activities/3090679056.fit.gz,12,2019,2, 3:10:43 PM
2908728357,"Dec 3, 2019, 4:11:22 PM",Amazing weather ğŸ˜,Run,,3352,10.51,119,FALSE,,activities/3093449600.fit.gz,12,2019,3, 4:11:22 PM
2910578561,"Dec 4, 2019, 12:11:19 PM",ğŸ‘»ğŸ‘»ğŸ‘»,Run,Felt especially creeped out on this morningâ€™s run for some reason - I swore every shadow was a person!ğŸ˜£,2574,8.09,29,FALSE,,activities/3095631408.fit.gz,12,2019,4,12:11:19 PM
2913896732,"Dec 5, 2019, 9:35:19 PM",Scrooching in a run ,Run,"Spent the whole day hanging out with 8th graders and have night class tonight, but the weather was wonderful so I had to squeeze in a quick run!! 55 degrees ğŸ˜ğŸ˜ğŸ˜",1561,4.99,12,FALSE,,activities/3099538986.fit.gz,12,2019,5, 9:35:19 PM
2918050694,"Dec 7, 2019, 7:20:49 PM",McFarland Trails with Quin,Run,"I usually always have my runs planned down to a T. So itâ€™s nice running with Quin who rarely plans anything out and just does whatever he wants ğŸ™‚ 

Fun time romping around on the trails today!! ",4162,10.18,25,FALSE,,activities/3104428060.fit.gz,12,2019,7, 7:20:49 PM
2920995242,"Dec 8, 2019, 9:59:12 PM",Sunday bumday,Run,"Nice run with Brady!! 

Accidentally missed out on a long run this week - whoops ğŸ¤·ğŸ»â€â™€ï¸",2801,8.25,70,FALSE,,activities/3107856422.fit.gz,12,2019,8, 9:59:12 PM
2921891502,"Dec 9, 2019, 2:01:32 PM",Morning Run ğŸ’¨ğŸ’¨ğŸ’¨,Run,Windy!!,3370,10.54,28,FALSE,,activities/3108956610.fit.gz,12,2019,9, 2:01:32 PM
2924889831,"Dec 10, 2019, 8:11:37 PM",Cold smiles all run ğŸ˜,Run,,3396,10.54,79,FALSE,,activities/3112428569.fit.gz,12,2019,10, 8:11:37 PM
2926464743,"Dec 11, 2019, 3:36:28 PM",Morning Run,Run,"Didnâ€™t wear enough layers for yesterdayâ€™s run, and wore one too many layers for todayâ€™s ğŸ˜… oops ",2699,8.19,31,FALSE,,activities/3114296862.fit.gz,12,2019,11, 3:36:28 PM
2928379966,"Dec 12, 2019, 2:09:36 PM",Chatting with Rose â¤ï¸,Run,,3572,9.78,71,FALSE,,activities/3116532984.fit.gz,12,2019,12, 2:09:36 PM
2933137022,"Dec 14, 2019, 8:08:53 PM",Weird long run route ğŸ˜‚,Run,"Accidentally locked my keys in the lab at work this morning so I had to meet the next person coming in for the evening shift to get them when they came in sometime between 3:30-4... ğŸ˜…ğŸ˜‚ decided to keep the end of this run near campus so I could meet them on time, hence the weird looking route map

Met up with Rose for the first half of the run!",6332,18.22,204,FALSE,,activities/3122063164.fit.gz,12,2019,14, 8:08:53 PM
2933137041,"Dec 14, 2019, 10:09:04 PM",Afternoon Run part 2,Run,"Run home fo the lab

12 miles total today! ",397,1.25,14,FALSE,,activities/3122063345.fit.gz,12,2019,14,10:09:04 PM
2935785778,"Dec 15, 2019, 9:04:34 PM",60 mins of admiring nature ğŸŒ,Run,Building back up to back2back weekend long runs. Not ready for a whole season of cold winter running yet!! ,3911,11.77,58,FALSE,,activities/3125081921.fit.gz,12,2019,15, 9:04:34 PM
2937728533,"Dec 16, 2019, 8:29:10 PM",Nice and easy,Run,On surprisingly sore legs!,2716,8.24,65,FALSE,,activities/3127339069.fit.gz,12,2019,16, 8:29:10 PM
2939232821,"Dec 17, 2019, 4:17:36 PM",Late morning stroll with Rose ,Run,ğŸ˜Š,3957,11.29,68,FALSE,,activities/3129089995.fit.gz,12,2019,17, 4:17:36 PM
2941403575,"Dec 18, 2019, 4:21:49 PM",Morning Run,Run,Forever enjoying Ada Haydenâ€™s back hill ğŸ™‚,3792,12.1,,FALSE,,activities/3131581810.fit.gz,12,2019,18, 4:21:49 PM
2943744156,"Dec 19, 2019, 7:16:02 PM",Shorts... in December?! ,Run,"Warm run with Rose!!

I was wearing 3 layers and fleece leggings on my run yesterday and ran in shorts today - thanks Iowa! ",3092,8.87,112,FALSE,,activities/3134272294.fit.gz,12,2019,19, 7:16:02 PM
2945666702,"Dec 20, 2019, 9:03:09 PM",Afternoon jigğŸ’ƒ,Run,,5523,16.61,145,FALSE,,activities/3136504804.fit.gz,12,2019,20, 9:03:09 PM
2951633502,"Dec 23, 2019, 2:22:35 PM",Clinton!!!!,Run,"Missed out on my 2nd long run this last weekend - busy past few days with Quinâ€™s commissioning, friends and family visiting Ames, and moving apartments again! Oh well, it happens. ",2988,9.9,75,FALSE,,activities/3143337693.fit.gz,12,2019,23, 2:22:35 PM
2953763681,"Dec 24, 2019, 2:25:30 PM",Run with Dalton!ğŸ„,Run,"Nice Christmas Eve run ğŸ˜Š

Dalton had me running faster than I had been for a while - much needed! ",4028,12.97,104,FALSE,,activities/3145779638.fit.gz,12,2019,24, 2:25:30 PM
2955851471,"Dec 25, 2019, 3:06:35 PM",MERRY CHRISTMAS ğŸ„,Run,Nice Christmas morning run catching up with Facio! â˜ºï¸,4298,11.35,106,FALSE,,activities/3148223117.fit.gz,12,2019,25, 3:06:35 PM
2958192392,"Dec 26, 2019, 3:36:29 PM",Run with Facio,Run,ğŸ™‚,2636,8.42,48,FALSE,,activities/3150912768.fit.gz,12,2019,26, 3:36:29 PM
2960392605,"Dec 27, 2019, 2:40:52 PM",Slowly building back up ğŸ”,Run,"4 miles to Quinâ€™s house, 3 miles with Quin, 7 miles on my own. Awesome run! Felt like I could have run for a long time today â˜ºï¸",7142,22.63,245,FALSE,,activities/3153460366.fit.gz,12,2019,27, 2:40:52 PM
2962884431,"Dec 28, 2019, 2:06:07 PM",Cold cold wet run,Run,"â€œI donâ€™t HAVE to run in the cold, miserable rain; I GET toâ€ was todayâ€™s lame mantra ğŸ¥¶

Mom had soup waiting for me at home ğŸ˜",4998,16.11,96,FALSE,,activities/3156284216.fit.gz,12,2019,28, 2:06:07 PM
2971157276,"Dec 31, 2019, 4:40:52 PM","Cya 2019, thanks for a great year!",Run,1st run in the Saucony Ride ISO 2â€™s and in the engagement ring - both are perfect ğŸ˜ (sorry just too excited hehe),3854,12.11,136,FALSE,,activities/3165750296.fit.gz,12,2019,31, 4:40:52 PM
2974166602,"Jan 1, 2020, 9:40:16 PM",ğŸ”ğŸ”ğŸ”,Run,"3 miles with Quin, and 3 miles on my own.

Training for mountain trail races in Iowa: find a hill and learn to love it!!

3 miles were spent going steady on Oakland Hill. Same pace up and down and no breaks. Need to whip these lungs back into shape ğŸ™‚",3315,10.54,112,FALSE,,activities/3169173430.fit.gz,1,2020,1, 9:40:16 PM
2977011666,"Jan 2, 2020, 10:58:02 PM",1st day of full time student teachingâœ…ğŸ˜´,Run,"I give all the props to teachers who are runners ğŸ˜µ and honestly just teachers in general lol

This is going to be a fun adjustment period!!!",2090,6.46,30,FALSE,,activities/3172373681.fit.gz,1,2020,2,10:58:02 PM
2982333513,"Jan 4, 2020, 5:52:42 PM",Fueled by cheesy potatoes today ,Run,"Awesome run!! Welcomed home with pancakes from my fiancÃ©, too ğŸ˜

1st 2.5 miles with Quin! ",9654,28.98,353,FALSE,,activities/3178380745.fit.gz,1,2020,4, 5:52:42 PM
2985431989,"Jan 5, 2020, 5:15:35 PM",Snowy trails with Quin ğŸŒ²,Run,Back 2 back long runs this weekend. A little shorter today because we were on the trails ğŸ™‚ Legs felt a bit tired at the start and felt destroyed by the end ğŸ˜œ,6248,14.54,121,FALSE,,activities/3181867882.fit.gz,1,2020,5, 5:15:35 PM
2989807085,"Jan 7, 2020, 11:26:41 AM",Morning Run,Run,First 3 with Quin! Dark and spooky out ğŸ‘»,2498,8.08,74,FALSE,,activities/3186849556.fit.gz,1,2020,7,11:26:41 AM
2994544289,"Jan 8, 2020, 10:40:22 PM",Scraping out the daylight ğŸŒ…,Run,Catching up with Brady made this run fly by!!! ğŸ¤— ,3786,11.58,99,FALSE,,activities/3192175810.fit.gz,1,2020,8,10:40:22 PM
2997325895,"Jan 9, 2020, 11:10:56 PM",Run while Quin biked,Run,"ğŸš´ğŸ»â€â™‚ï¸ğŸƒğŸ½â€â™€ï¸ğŸŒš 
Having a little foot pain - hopefully rest day tomorrow will help! ",2763,8.16,9,FALSE,,activities/3195325983.fit.gz,1,2020,9,11:10:56 PM
3002508204,"Jan 11, 2020, 5:46:28 PM",Alright I guess ğŸ¤•,Run,Foot felt okay at the beginning but pretty bad by the end. Disappointing because I felt really good despite the negative temps (real feel) to start and I wanted to run more for this long run. Well... At least I can use the snow to ice my foot ğŸ™‚,5523,16.1,171,FALSE,,activities/3201125344.fit.gz,1,2020,11, 5:46:28 PM
3006303540,"Jan 12, 2020, 7:58:53 PM",Sidelined ,Ride,"No running/weight-bearing activities for this gal ğŸ¤• Pretty sure Iâ€™m having cuboid bone issues and hoping some rest from running will help. Really puts a damper on my training, but my plan did have this as a cut-back week anyways! 

35 mins of biking, 15 mins of rowing, then some stretching. ",2103,0,23,FALSE,,activities/3205346581.fit.gz,1,2020,12, 7:58:53 PM
3012221209,"Jan 14, 2020, 11:17:40 PM",Still got a bum foot ,Ride,"45 mins of biking, 10 mins of core! On the bright side of being injured (for the first time ever) I have some time to focus on core again - been neglecting that for a while. ",2839,0,37,FALSE,,activities/3211973413.fit.gz,1,2020,14,11:17:40 PM
3014994647,"Jan 15, 2020, 11:10:22 PM",Biking and watching ultra documentaries,Ride,45 mins of biking. foot is feeling better here and there but not 100%. Getting it checked out tomorrow - fingers crossed! ,2700,0,,FALSE,,,1,2020,15,11:10:22 PM
